solid OpenSCAD_Model
  facet normal 0.994522 0.104529 0
    outer loop
      vertex 3 0 10
      vertex 2.93444 0.623734 0
      vertex 2.93444 0.623734 10
    endloop
  endfacet
  facet normal 0.994522 0.104529 0
    outer loop
      vertex 2.93444 0.623734 0
      vertex 3 0 10
      vertex 3 0 0
    endloop
  endfacet
  facet normal -0.994522 0.104529 0
    outer loop
      vertex -3 0 0
      vertex -2.93444 0.623734 10
      vertex -2.93444 0.623734 0
    endloop
  endfacet
  facet normal -0.994522 0.104529 0
    outer loop
      vertex -2.93444 0.623734 10
      vertex -3 0 0
      vertex -3 0 10
    endloop
  endfacet
  facet normal 0 1 -0
    outer loop
      vertex 0.313585 2.98357 0
      vertex -0.313585 2.98357 10
      vertex 0.313585 2.98357 10
    endloop
  endfacet
  facet normal 0 1 0
    outer loop
      vertex -0.313585 2.98357 10
      vertex 0.313585 2.98357 0
      vertex -0.313585 2.98357 0
    endloop
  endfacet
  facet normal 0 -1 0
    outer loop
      vertex -0.313585 -2.98357 0
      vertex 0.313585 -2.98357 10
      vertex -0.313585 -2.98357 10
    endloop
  endfacet
  facet normal 0 -1 -0
    outer loop
      vertex 0.313585 -2.98357 10
      vertex -0.313585 -2.98357 0
      vertex 0.313585 -2.98357 0
    endloop
  endfacet
  facet normal 0.587786 0.809016 -0
    outer loop
      vertex 2.00739 2.22943 0
      vertex 1.5 2.59808 10
      vertex 2.00739 2.22943 10
    endloop
  endfacet
  facet normal 0.587786 0.809016 0
    outer loop
      vertex 1.5 2.59808 10
      vertex 2.00739 2.22943 0
      vertex 1.5 2.59808 0
    endloop
  endfacet
  facet normal 0.406737 0.913545 -0
    outer loop
      vertex 1.5 2.59808 0
      vertex 0.927051 2.85317 10
      vertex 1.5 2.59808 10
    endloop
  endfacet
  facet normal 0.406737 0.913545 0
    outer loop
      vertex 0.927051 2.85317 10
      vertex 1.5 2.59808 0
      vertex 0.927051 2.85317 0
    endloop
  endfacet
  facet normal -0.743144 0.669131 0
    outer loop
      vertex -2.42705 1.76336 0
      vertex -2.00739 2.22943 10
      vertex -2.00739 2.22943 0
    endloop
  endfacet
  facet normal -0.743144 0.669131 0
    outer loop
      vertex -2.00739 2.22943 10
      vertex -2.42705 1.76336 0
      vertex -2.42705 1.76336 10
    endloop
  endfacet
  facet normal -0.406737 0.913545 0
    outer loop
      vertex -0.927051 2.85317 0
      vertex -1.5 2.59808 10
      vertex -0.927051 2.85317 10
    endloop
  endfacet
  facet normal -0.406737 0.913545 0
    outer loop
      vertex -1.5 2.59808 10
      vertex -0.927051 2.85317 0
      vertex -1.5 2.59808 0
    endloop
  endfacet
  facet normal 0.951056 -0.309017 0
    outer loop
      vertex 2.74064 -1.22021 10
      vertex 2.93444 -0.623734 0
      vertex 2.93444 -0.623734 10
    endloop
  endfacet
  facet normal 0.951056 -0.309017 0
    outer loop
      vertex 2.93444 -0.623734 0
      vertex 2.74064 -1.22021 10
      vertex 2.74064 -1.22021 0
    endloop
  endfacet
  facet normal 0.866026 0.5 0
    outer loop
      vertex 2.74064 1.22021 10
      vertex 2.42705 1.76336 0
      vertex 2.42705 1.76336 10
    endloop
  endfacet
  facet normal 0.866026 0.5 0
    outer loop
      vertex 2.42705 1.76336 0
      vertex 2.74064 1.22021 10
      vertex 2.74064 1.22021 0
    endloop
  endfacet
  facet normal 0.951056 0.309017 0
    outer loop
      vertex 2.93444 0.623734 10
      vertex 2.74064 1.22021 0
      vertex 2.74064 1.22021 10
    endloop
  endfacet
  facet normal 0.951056 0.309017 0
    outer loop
      vertex 2.74064 1.22021 0
      vertex 2.93444 0.623734 10
      vertex 2.93444 0.623734 0
    endloop
  endfacet
  facet normal 0.743144 0.669131 0
    outer loop
      vertex 2.42705 1.76336 10
      vertex 2.00739 2.22943 0
      vertex 2.00739 2.22943 10
    endloop
  endfacet
  facet normal 0.743144 0.669131 0
    outer loop
      vertex 2.00739 2.22943 0
      vertex 2.42705 1.76336 10
      vertex 2.42705 1.76336 0
    endloop
  endfacet
  facet normal 0.207911 0.978148 -0
    outer loop
      vertex 0.927051 2.85317 0
      vertex 0.313585 2.98357 10
      vertex 0.927051 2.85317 10
    endloop
  endfacet
  facet normal 0.207911 0.978148 0
    outer loop
      vertex 0.313585 2.98357 10
      vertex 0.927051 2.85317 0
      vertex 0.313585 2.98357 0
    endloop
  endfacet
  facet normal -0.866026 0.5 0
    outer loop
      vertex -2.74064 1.22021 0
      vertex -2.42705 1.76336 10
      vertex -2.42705 1.76336 0
    endloop
  endfacet
  facet normal -0.866026 0.5 0
    outer loop
      vertex -2.42705 1.76336 10
      vertex -2.74064 1.22021 0
      vertex -2.74064 1.22021 10
    endloop
  endfacet
  facet normal -0.951056 0.309017 0
    outer loop
      vertex -2.93444 0.623734 0
      vertex -2.74064 1.22021 10
      vertex -2.74064 1.22021 0
    endloop
  endfacet
  facet normal -0.951056 0.309017 0
    outer loop
      vertex -2.74064 1.22021 10
      vertex -2.93444 0.623734 0
      vertex -2.93444 0.623734 10
    endloop
  endfacet
  facet normal -0.587785 0.809017 0
    outer loop
      vertex -1.5 2.59808 0
      vertex -2.00739 2.22943 10
      vertex -1.5 2.59808 10
    endloop
  endfacet
  facet normal -0.587785 0.809017 0
    outer loop
      vertex -2.00739 2.22943 10
      vertex -1.5 2.59808 0
      vertex -2.00739 2.22943 0
    endloop
  endfacet
  facet normal -0.207911 0.978148 0
    outer loop
      vertex -0.313585 2.98357 0
      vertex -0.927051 2.85317 10
      vertex -0.313585 2.98357 10
    endloop
  endfacet
  facet normal -0.207911 0.978148 0
    outer loop
      vertex -0.927051 2.85317 10
      vertex -0.313585 2.98357 0
      vertex -0.927051 2.85317 0
    endloop
  endfacet
  facet normal 0.994522 -0.104529 0
    outer loop
      vertex 2.93444 -0.623734 10
      vertex 3 0 0
      vertex 3 0 10
    endloop
  endfacet
  facet normal 0.994522 -0.104529 0
    outer loop
      vertex 3 0 0
      vertex 2.93444 -0.623734 10
      vertex 2.93444 -0.623734 0
    endloop
  endfacet
  facet normal 0.207911 -0.978148 0
    outer loop
      vertex 0.313585 -2.98357 0
      vertex 0.927051 -2.85317 10
      vertex 0.313585 -2.98357 10
    endloop
  endfacet
  facet normal 0.207911 -0.978148 0
    outer loop
      vertex 0.927051 -2.85317 10
      vertex 0.313585 -2.98357 0
      vertex 0.927051 -2.85317 0
    endloop
  endfacet
  facet normal 0.866026 -0.5 0
    outer loop
      vertex 2.42705 -1.76336 10
      vertex 2.74064 -1.22021 0
      vertex 2.74064 -1.22021 10
    endloop
  endfacet
  facet normal 0.866026 -0.5 0
    outer loop
      vertex 2.74064 -1.22021 0
      vertex 2.42705 -1.76336 10
      vertex 2.42705 -1.76336 0
    endloop
  endfacet
  facet normal 0 0 -1
    outer loop
      vertex 2.93444 -0.623734 0
      vertex 2.93444 0.623734 0
      vertex 3 0 0
    endloop
  endfacet
  facet normal 0 0 -1
    outer loop
      vertex 2.74064 -1.22021 0
      vertex 2.93444 0.623734 0
      vertex 2.93444 -0.623734 0
    endloop
  endfacet
  facet normal 0 0 -1
    outer loop
      vertex 2.74064 -1.22021 0
      vertex 2.74064 1.22021 0
      vertex 2.93444 0.623734 0
    endloop
  endfacet
  facet normal 0 0 -1
    outer loop
      vertex 2.42705 -1.76336 0
      vertex 2.74064 1.22021 0
      vertex 2.74064 -1.22021 0
    endloop
  endfacet
  facet normal 0 0 -1
    outer loop
      vertex 2.42705 -1.76336 0
      vertex 2.42705 1.76336 0
      vertex 2.74064 1.22021 0
    endloop
  endfacet
  facet normal 0 0 -1
    outer loop
      vertex 2.00739 -2.22943 0
      vertex 2.42705 1.76336 0
      vertex 2.42705 -1.76336 0
    endloop
  endfacet
  facet normal 0 0 -1
    outer loop
      vertex 2.00739 -2.22943 0
      vertex 2.00739 2.22943 0
      vertex 2.42705 1.76336 0
    endloop
  endfacet
  facet normal 0 0 -1
    outer loop
      vertex 1.5 -2.59808 0
      vertex 2.00739 2.22943 0
      vertex 2.00739 -2.22943 0
    endloop
  endfacet
  facet normal 0 0 -1
    outer loop
      vertex 1.5 -2.59808 0
      vertex 1.5 2.59808 0
      vertex 2.00739 2.22943 0
    endloop
  endfacet
  facet normal 0 0 -1
    outer loop
      vertex 0.927051 -2.85317 0
      vertex 1.5 2.59808 0
      vertex 1.5 -2.59808 0
    endloop
  endfacet
  facet normal 0 0 -1
    outer loop
      vertex 0.927051 -2.85317 0
      vertex 0.927051 2.85317 0
      vertex 1.5 2.59808 0
    endloop
  endfacet
  facet normal 0 0 -1
    outer loop
      vertex 0.313585 -2.98357 0
      vertex 0.927051 2.85317 0
      vertex 0.927051 -2.85317 0
    endloop
  endfacet
  facet normal 0 0 -1
    outer loop
      vertex 0.313585 -2.98357 0
      vertex 0.313585 2.98357 0
      vertex 0.927051 2.85317 0
    endloop
  endfacet
  facet normal 0 0 -1
    outer loop
      vertex -0.313585 -2.98357 0
      vertex 0.313585 2.98357 0
      vertex 0.313585 -2.98357 0
    endloop
  endfacet
  facet normal 0 0 -1
    outer loop
      vertex -0.313585 -2.98357 0
      vertex -0.313585 2.98357 0
      vertex 0.313585 2.98357 0
    endloop
  endfacet
  facet normal 0 0 -1
    outer loop
      vertex -0.927051 -2.85317 0
      vertex -0.313585 2.98357 0
      vertex -0.313585 -2.98357 0
    endloop
  endfacet
  facet normal 0 0 -1
    outer loop
      vertex -0.927051 -2.85317 0
      vertex -0.927051 2.85317 0
      vertex -0.313585 2.98357 0
    endloop
  endfacet
  facet normal 0 0 -1
    outer loop
      vertex -0.927051 -2.85317 0
      vertex -1.5 2.59808 0
      vertex -0.927051 2.85317 0
    endloop
  endfacet
  facet normal 0 0 -1
    outer loop
      vertex -1.5 -2.59808 0
      vertex -1.5 2.59808 0
      vertex -0.927051 -2.85317 0
    endloop
  endfacet
  facet normal 0 0 -1
    outer loop
      vertex -2.00739 -2.22943 0
      vertex -1.5 2.59808 0
      vertex -1.5 -2.59808 0
    endloop
  endfacet
  facet normal 0 0 -1
    outer loop
      vertex -2.00739 -2.22943 0
      vertex -2.00739 2.22943 0
      vertex -1.5 2.59808 0
    endloop
  endfacet
  facet normal 0 0 -1
    outer loop
      vertex -2.42705 -1.76336 0
      vertex -2.00739 2.22943 0
      vertex -2.00739 -2.22943 0
    endloop
  endfacet
  facet normal 0 0 -1
    outer loop
      vertex -2.42705 -1.76336 0
      vertex -2.42705 1.76336 0
      vertex -2.00739 2.22943 0
    endloop
  endfacet
  facet normal 0 0 -1
    outer loop
      vertex -2.74064 -1.22021 0
      vertex -2.42705 1.76336 0
      vertex -2.42705 -1.76336 0
    endloop
  endfacet
  facet normal 0 0 -1
    outer loop
      vertex -2.74064 -1.22021 0
      vertex -2.74064 1.22021 0
      vertex -2.42705 1.76336 0
    endloop
  endfacet
  facet normal 0 0 -1
    outer loop
      vertex -2.93444 -0.623734 0
      vertex -2.74064 1.22021 0
      vertex -2.74064 -1.22021 0
    endloop
  endfacet
  facet normal 0 0 -1
    outer loop
      vertex -2.93444 -0.623734 0
      vertex -2.93444 0.623734 0
      vertex -2.74064 1.22021 0
    endloop
  endfacet
  facet normal 0 -0 -1
    outer loop
      vertex -2.93444 0.623734 0
      vertex -2.93444 -0.623734 0
      vertex -3 0 0
    endloop
  endfacet
  facet normal 0.587786 -0.809016 0
    outer loop
      vertex 1.5 -2.59808 0
      vertex 2.00739 -2.22943 10
      vertex 1.5 -2.59808 10
    endloop
  endfacet
  facet normal 0.587786 -0.809016 0
    outer loop
      vertex 2.00739 -2.22943 10
      vertex 1.5 -2.59808 0
      vertex 2.00739 -2.22943 0
    endloop
  endfacet
  facet normal 0.406737 -0.913545 0
    outer loop
      vertex 0.927051 -2.85317 0
      vertex 1.5 -2.59808 10
      vertex 0.927051 -2.85317 10
    endloop
  endfacet
  facet normal 0.406737 -0.913545 0
    outer loop
      vertex 1.5 -2.59808 10
      vertex 0.927051 -2.85317 0
      vertex 1.5 -2.59808 0
    endloop
  endfacet
  facet normal -0.207911 -0.978148 0
    outer loop
      vertex -0.927051 -2.85317 0
      vertex -0.313585 -2.98357 10
      vertex -0.927051 -2.85317 10
    endloop
  endfacet
  facet normal -0.207911 -0.978148 -0
    outer loop
      vertex -0.313585 -2.98357 10
      vertex -0.927051 -2.85317 0
      vertex -0.313585 -2.98357 0
    endloop
  endfacet
  facet normal -0.743144 -0.669131 0
    outer loop
      vertex -2.00739 -2.22943 0
      vertex -2.42705 -1.76336 10
      vertex -2.42705 -1.76336 0
    endloop
  endfacet
  facet normal -0.743144 -0.669131 0
    outer loop
      vertex -2.42705 -1.76336 10
      vertex -2.00739 -2.22943 0
      vertex -2.00739 -2.22943 10
    endloop
  endfacet
  facet normal -0.866026 -0.5 0
    outer loop
      vertex -2.42705 -1.76336 0
      vertex -2.74064 -1.22021 10
      vertex -2.74064 -1.22021 0
    endloop
  endfacet
  facet normal -0.866026 -0.5 0
    outer loop
      vertex -2.74064 -1.22021 10
      vertex -2.42705 -1.76336 0
      vertex -2.42705 -1.76336 10
    endloop
  endfacet
  facet normal -0.951056 -0.309017 0
    outer loop
      vertex -2.74064 -1.22021 0
      vertex -2.93444 -0.623734 10
      vertex -2.93444 -0.623734 0
    endloop
  endfacet
  facet normal -0.951056 -0.309017 0
    outer loop
      vertex -2.93444 -0.623734 10
      vertex -2.74064 -1.22021 0
      vertex -2.74064 -1.22021 10
    endloop
  endfacet
  facet normal -0.994522 -0.104529 0
    outer loop
      vertex -2.93444 -0.623734 0
      vertex -3 0 10
      vertex -3 0 0
    endloop
  endfacet
  facet normal -0.994522 -0.104529 0
    outer loop
      vertex -3 0 10
      vertex -2.93444 -0.623734 0
      vertex -2.93444 -0.623734 10
    endloop
  endfacet
  facet normal 0.743144 -0.669131 0
    outer loop
      vertex 2.00739 -2.22943 10
      vertex 2.42705 -1.76336 0
      vertex 2.42705 -1.76336 10
    endloop
  endfacet
  facet normal 0.743144 -0.669131 0
    outer loop
      vertex 2.42705 -1.76336 0
      vertex 2.00739 -2.22943 10
      vertex 2.00739 -2.22943 0
    endloop
  endfacet
  facet normal -0.406737 -0.913545 0
    outer loop
      vertex -1.5 -2.59808 0
      vertex -0.927051 -2.85317 10
      vertex -1.5 -2.59808 10
    endloop
  endfacet
  facet normal -0.406737 -0.913545 -0
    outer loop
      vertex -0.927051 -2.85317 10
      vertex -1.5 -2.59808 0
      vertex -0.927051 -2.85317 0
    endloop
  endfacet
  facet normal -0.587786 -0.809016 0
    outer loop
      vertex -2.00739 -2.22943 0
      vertex -1.5 -2.59808 10
      vertex -2.00739 -2.22943 10
    endloop
  endfacet
  facet normal -0.587786 -0.809016 -0
    outer loop
      vertex -1.5 -2.59808 10
      vertex -2.00739 -2.22943 0
      vertex -1.5 -2.59808 0
    endloop
  endfacet
  facet normal 0.751027 0.433605 0.497941
    outer loop
      vertex 2.21722 1.6109 11.2202
      vertex 2.21722 0.98717 11.7634
      vertex 2.5037 1.11472 11.2202
    endloop
  endfacet
  facet normal -0.122647 -0.577006 0.807478
    outer loop
      vertex -0.209042 -1.85061 12.3337
      vertex -0.209829 -1.9964 12.2294
      vertex -0.194825 -1.85364 12.3337
    endloop
  endfacet
  facet normal -0.122647 -0.577006 0.807478
    outer loop
      vertex -0.209829 -1.9964 12.2294
      vertex -0.209042 -1.85061 12.3337
      vertex -0.281602 -1.83519 12.3337
    endloop
  endfacet
  facet normal 0.645162 -0.372485 0.667099
    outer loop
      vertex 1.83384 -0.81648 12.2294
      vertex 1.62401 -1.17991 12.2294
      vertex 2.21722 -0.98717 11.7634
    endloop
  endfacet
  facet normal 0.824767 0.267983 0.497941
    outer loop
      vertex 2.5037 1.11472 11.2202
      vertex 2.21722 0.98717 11.7634
      vertex 2.37401 0.504612 11.7634
    endloop
  endfacet
  facet normal -0.824767 -0.267983 0.497941
    outer loop
      vertex -2.37401 -0.504612 11.7634
      vertex -2.68075 -0.56981 11.2202
      vertex -2.5037 -1.11472 11.2202
    endloop
  endfacet
  facet normal -0.154889 -0.72869 0.667099
    outer loop
      vertex -0.620317 -1.90914 12.2294
      vertex -0.75 -2.30826 11.7634
      vertex -0.209829 -1.9964 12.2294
    endloop
  endfacet
  facet normal 0.861333 0.49729 0.103962
    outer loop
      vertex 2.42705 1.76336 10
      vertex 2.37401 1.72482 10.6237
      vertex 2.74064 1.22021 10
    endloop
  endfacet
  facet normal 0.739118 -0.665505 0.103962
    outer loop
      vertex 2.37401 -1.72482 10.6237
      vertex 2.00739 -2.22943 10
      vertex 2.42705 -1.76336 10
    endloop
  endfacet
  facet normal -0.553621 -0.498481 0.667099
    outer loop
      vertex -1.62401 -1.17991 12.2294
      vertex -1.96352 -1.42658 11.7634
      vertex -1.62401 -1.80365 11.7634
    endloop
  endfacet
  facet normal -0.751026 0.433606 0.497942
    outer loop
      vertex -2.21722 1.6109 11.2202
      vertex -2.21722 0.98717 11.7634
      vertex -1.96352 1.42658 11.7634
    endloop
  endfacet
  facet normal 0.645162 -0.372485 0.667099
    outer loop
      vertex 2.21722 -0.98717 11.7634
      vertex 1.62401 -1.17991 12.2294
      vertex 1.96352 -1.42658 11.7634
    endloop
  endfacet
  facet normal -0.510868 0.29495 0.807477
    outer loop
      vertex -1.62401 1.17991 12.2294
      vertex -1.51515 1.08295 12.3337
      vertex -1.50788 1.09554 12.3337
    endloop
  endfacet
  facet normal -0.510868 0.294949 0.807477
    outer loop
      vertex -1.62401 1.17991 12.2294
      vertex -1.65835 0.834925 12.3337
      vertex -1.51515 1.08295 12.3337
    endloop
  endfacet
  facet normal -0.510867 0.294949 0.807477
    outer loop
      vertex -1.65835 0.834925 12.3337
      vertex -1.62401 1.17991 12.2294
      vertex -1.83384 0.81648 12.2294
    endloop
  endfacet
  facet normal 0.739118 0.665505 0.103962
    outer loop
      vertex 2.42705 1.76336 10
      vertex 2.00739 2.22943 10
      vertex 2.37401 1.72482 10.6237
    endloop
  endfacet
  facet normal -0.559309 -0.769822 0.307485
    outer loop
      vertex -1.83384 -2.03669 11.2202
      vertex -1.96352 -2.18072 10.6237
      vertex -1.46722 -2.5413 10.6237
    endloop
  endfacet
  facet normal 0.197839 -0.930759 0.307485
    outer loop
      vertex 0.846903 -2.6065 11.2202
      vertex 0.286474 -2.72562 11.2202
      vertex 0.306732 -2.91837 10.6237
    endloop
  endfacet
  facet normal 0.553621 -0.498481 0.667099
    outer loop
      vertex 1.62401 -1.17991 12.2294
      vertex 1.62401 -1.80365 11.7634
      vertex 1.96352 -1.42658 11.7634
    endloop
  endfacet
  facet normal 0.303006 0.680563 0.667099
    outer loop
      vertex 0.75 2.30826 11.7634
      vertex 0.620317 1.90914 12.2294
      vertex 1.0037 1.73845 12.2294
    endloop
  endfacet
  facet normal 0.751026 0.433606 0.497942
    outer loop
      vertex 2.21722 1.6109 11.2202
      vertex 1.96352 1.42658 11.7634
      vertex 2.21722 0.98717 11.7634
    endloop
  endfacet
  facet normal 0.561027 -0.182288 0.807477
    outer loop
      vertex 1.7072 -0.744271 12.3337
      vertex 1.83384 -0.81648 12.2294
      vertex 1.73012 -0.67372 12.3337
    endloop
  endfacet
  facet normal 0.561026 -0.18229 0.807478
    outer loop
      vertex 1.83384 -0.81648 12.2294
      vertex 1.7072 -0.744271 12.3337
      vertex 1.70271 -0.758094 12.3337
    endloop
  endfacet
  facet normal -0.86246 -0.0906488 0.497941
    outer loop
      vertex -2.37401 -0.504612 11.7634
      vertex -2.74064 0 11.2202
      vertex -2.68075 -0.56981 11.2202
    endloop
  endfacet
  facet normal -0.824069 -0.475776 0.307485
    outer loop
      vertex -2.5037 -1.11472 11.2202
      vertex -2.68075 -1.19355 10.6237
      vertex -2.37401 -1.72482 10.6237
    endloop
  endfacet
  facet normal 0.824069 0.475776 0.307485
    outer loop
      vertex 2.68075 1.19355 10.6237
      vertex 2.37401 1.72482 10.6237
      vertex 2.5037 1.11472 11.2202
    endloop
  endfacet
  facet normal 0.989133 -0.103963 0.103963
    outer loop
      vertex 2.93444 0 10.6237
      vertex 2.87032 -0.610105 10.6237
      vertex 2.93444 -0.623734 10
    endloop
  endfacet
  facet normal -0.387031 0.869287 0.307484
    outer loop
      vertex -0.906793 2.79082 10.6237
      vertex -1.46722 2.5413 10.6237
      vertex -0.846903 2.6065 11.2202
    endloop
  endfacet
  facet normal -0.739117 0.665505 0.103962
    outer loop
      vertex -2.00739 2.22943 10
      vertex -2.37401 1.72482 10.6237
      vertex -1.96352 2.18072 10.6237
    endloop
  endfacet
  facet normal 0.824767 -0.267983 0.497941
    outer loop
      vertex 2.68075 -0.56981 11.2202
      vertex 2.37401 -0.504612 11.7634
      vertex 2.5037 -1.11472 11.2202
    endloop
  endfacet
  facet normal 0.584601 -0.804633 0.103962
    outer loop
      vertex 1.96352 -2.18072 10.6237
      vertex 1.5 -2.59808 10
      vertex 2.00739 -2.22943 10
    endloop
  endfacet
  facet normal 0.346732 -0.477237 0.807478
    outer loop
      vertex 1.2354 -1.39365 12.3337
      vertex 1.34321 -1.49178 12.2294
      vertex 1.24716 -1.38511 12.3337
    endloop
  endfacet
  facet normal 0.34674 -0.47723 0.807479
    outer loop
      vertex 1.34321 -1.49178 12.2294
      vertex 1.2354 -1.39365 12.3337
      vertex 1.17538 -1.43725 12.3337
    endloop
  endfacet
  facet normal 0.586668 -0.0616612 0.807477
    outer loop
      vertex 1.85457 -0.0882296 12.3337
      vertex 1.96352 -0.417359 12.2294
      vertex 2.00739 0 12.2294
    endloop
  endfacet
  facet normal 0.586666 -0.061662 0.807478
    outer loop
      vertex 1.82464 -0.37306 12.3337
      vertex 1.96352 -0.417359 12.2294
      vertex 1.85457 -0.0882296 12.3337
    endloop
  endfacet
  facet normal 0.586666 -0.061664 0.807478
    outer loop
      vertex 1.96352 -0.417359 12.2294
      vertex 1.82464 -0.37306 12.3337
      vertex 1.82312 -0.387515 12.3337
    endloop
  endfacet
  facet normal 0.707141 -0.636713 0.307485
    outer loop
      vertex 2.21722 -1.6109 11.2202
      vertex 1.83384 -2.03669 11.2202
      vertex 2.37401 -1.72482 10.6237
    endloop
  endfacet
  facet normal -0.824069 0.475776 0.307485
    outer loop
      vertex -2.37401 1.72482 10.6237
      vertex -2.68075 1.19355 10.6237
      vertex -2.5037 1.11472 11.2202
    endloop
  endfacet
  facet normal 0.586668 -0.0616628 0.807476
    outer loop
      vertex 1.86385 0 12.3337
      vertex 1.85457 -0.0882296 12.3337
      vertex 2.00739 0 12.2294
    endloop
  endfacet
  facet normal -0.739118 -0.665505 0.103962
    outer loop
      vertex -2.37401 -1.72482 10.6237
      vertex -2.42705 -1.76336 10
      vertex -2.00739 -2.22943 10
    endloop
  endfacet
  facet normal 0.154888 -0.728691 0.667098
    outer loop
      vertex 0.749999 -2.30826 11.7634
      vertex 0.209829 -1.9964 12.2294
      vertex 0.253695 -2.41375 11.7634
    endloop
  endfacet
  facet normal -0.19784 -0.930759 0.307484
    outer loop
      vertex -0.846903 -2.6065 11.2202
      vertex -0.906793 -2.79082 10.6237
      vertex -0.306732 -2.91837 10.6237
    endloop
  endfacet
  facet normal -0.707141 0.636713 0.307485
    outer loop
      vertex -1.83384 2.03669 11.2202
      vertex -2.37401 1.72482 10.6237
      vertex -2.21722 1.6109 11.2202
    endloop
  endfacet
  facet normal 0.561027 0.182288 0.807478
    outer loop
      vertex 1.96352 0.417359 12.2294
      vertex 1.73012 0.67372 12.3337
      vertex 1.82312 0.387515 12.3337
    endloop
  endfacet
  facet normal 0.561027 0.182288 0.807477
    outer loop
      vertex 1.73012 0.67372 12.3337
      vertex 1.96352 0.417359 12.2294
      vertex 1.83384 0.81648 12.2294
    endloop
  endfacet
  facet normal 0.94634 0.0994651 0.307485
    outer loop
      vertex 2.87032 0.610105 10.6237
      vertex 2.68075 0.56981 11.2202
      vertex 2.93444 0 10.6237
    endloop
  endfacet
  facet normal 0.239933 0.538899 0.807477
    outer loop
      vertex 0.620317 1.90914 12.2294
      vertex 0.589238 1.76671 12.3337
      vertex 0.657006 1.73654 12.3337
    endloop
  endfacet
  facet normal 0.239931 0.5389 0.807478
    outer loop
      vertex 0.589238 1.76671 12.3337
      vertex 0.620317 1.90914 12.2294
      vertex 0.57596 1.77262 12.3337
    endloop
  endfacet
  facet normal -0.945903 0.307342 0.103963
    outer loop
      vertex -2.68075 1.19355 10.6237
      vertex -2.93444 0.623734 10
      vertex -2.87032 0.610105 10.6237
    endloop
  endfacet
  facet normal -0.94634 0.0994651 0.307485
    outer loop
      vertex -2.87032 0.610105 10.6237
      vertex -2.93444 0 10.6237
      vertex -2.68075 0.56981 11.2202
    endloop
  endfacet
  facet normal -0.645162 0.372485 0.667099
    outer loop
      vertex -1.96352 1.42658 11.7634
      vertex -2.21722 0.98717 11.7634
      vertex -1.62401 1.17991 12.2294
    endloop
  endfacet
  facet normal 0.740888 -0.0778702 0.667099
    outer loop
      vertex 2.42705 0 11.7634
      vertex 2.00739 0 12.2294
      vertex 2.37401 -0.504612 11.7634
    endloop
  endfacet
  facet normal 0.94634 -0.099465 0.307485
    outer loop
      vertex 2.74064 0 11.2202
      vertex 2.68075 -0.56981 11.2202
      vertex 2.93444 0 10.6237
    endloop
  endfacet
  facet normal 0.824069 -0.475776 0.307485
    outer loop
      vertex 2.5037 -1.11472 11.2202
      vertex 2.37401 -1.72482 10.6237
      vertex 2.68075 -1.19355 10.6237
    endloop
  endfacet
  facet normal 0.861333 -0.49729 0.103962
    outer loop
      vertex 2.68075 -1.19355 10.6237
      vertex 2.37401 -1.72482 10.6237
      vertex 2.74064 -1.22021 10
    endloop
  endfacet
  facet normal -0.644464 -0.580277 0.497941
    outer loop
      vertex -1.96352 -1.42658 11.7634
      vertex -2.21722 -1.6109 11.2202
      vertex -1.62401 -1.80365 11.7634
    endloop
  endfacet
  facet normal 0.559309 -0.769822 0.307485
    outer loop
      vertex 1.83384 -2.03669 11.2202
      vertex 1.46722 -2.5413 10.6237
      vertex 1.96352 -2.18072 10.6237
    endloop
  endfacet
  facet normal 0.739117 -0.665505 0.103962
    outer loop
      vertex 2.37401 -1.72482 10.6237
      vertex 1.96352 -2.18072 10.6237
      vertex 2.00739 -2.22943 10
    endloop
  endfacet
  facet normal 0.740888 0.0778703 0.667099
    outer loop
      vertex 2.37401 0.504612 11.7634
      vertex 1.96352 0.417359 12.2294
      vertex 2.00739 0 12.2294
    endloop
  endfacet
  facet normal 0.86246 -0.0906488 0.497941
    outer loop
      vertex 2.74064 0 11.2202
      vertex 2.37401 -0.504612 11.7634
      vertex 2.68075 -0.56981 11.2202
    endloop
  endfacet
  facet normal 0.989133 0.103963 0.103963
    outer loop
      vertex 2.93444 0.623734 10
      vertex 2.87032 0.610105 10.6237
      vertex 2.93444 0 10.6237
    endloop
  endfacet
  facet normal -0.404533 -0.908595 0.103962
    outer loop
      vertex -1.46722 -2.5413 10.6237
      vertex -1.5 -2.59808 10
      vertex -0.927051 -2.85317 10
    endloop
  endfacet
  facet normal -0.387031 -0.869287 0.307484
    outer loop
      vertex -0.846903 -2.6065 11.2202
      vertex -1.46722 -2.5413 10.6237
      vertex -0.906793 -2.79082 10.6237
    endloop
  endfacet
  facet normal 0.559308 -0.769822 0.307486
    outer loop
      vertex 1.83384 -2.03669 11.2202
      vertex 1.37032 -2.37346 11.2202
      vertex 1.46722 -2.5413 10.6237
    endloop
  endfacet
  facet normal 0.553619 -0.498482 0.667099
    outer loop
      vertex 1.62401 -1.17991 12.2294
      vertex 1.34321 -1.49178 12.2294
      vertex 1.62401 -1.80365 11.7634
    endloop
  endfacet
  facet normal -0.303006 -0.680563 0.667099
    outer loop
      vertex -0.620317 -1.90914 12.2294
      vertex -1.0037 -1.73845 12.2294
      vertex -0.75 -2.30826 11.7634
    endloop
  endfacet
  facet normal -0.154888 -0.728691 0.667098
    outer loop
      vertex -0.209829 -1.9964 12.2294
      vertex -0.75 -2.30826 11.7634
      vertex -0.253695 -2.41375 11.7634
    endloop
  endfacet
  facet normal 0.437882 -0.602693 0.667099
    outer loop
      vertex 1.62401 -1.80365 11.7634
      vertex 1.0037 -1.73845 12.2294
      vertex 1.21352 -2.10189 11.7634
    endloop
  endfacet
  facet normal 0.387032 -0.869286 0.307486
    outer loop
      vertex 1.37032 -2.37346 11.2202
      vertex 0.846903 -2.6065 11.2202
      vertex 1.46722 -2.5413 10.6237
    endloop
  endfacet
  facet normal -0.751027 -0.433605 0.497941
    outer loop
      vertex -2.21722 -0.98717 11.7634
      vertex -2.5037 -1.11472 11.2202
      vertex -2.21722 -1.6109 11.2202
    endloop
  endfacet
  facet normal 0.180303 -0.84826 0.497942
    outer loop
      vertex 0.846903 -2.6065 11.2202
      vertex 0.253695 -2.41375 11.7634
      vertex 0.286474 -2.72562 11.2202
    endloop
  endfacet
  facet normal -0.989133 -0.103963 0.103963
    outer loop
      vertex -2.93444 0 10.6237
      vertex -2.93444 -0.623734 10
      vertex -2.87032 -0.610105 10.6237
    endloop
  endfacet
  facet normal -0.94634 -0.0994651 0.307485
    outer loop
      vertex -2.68075 -0.56981 11.2202
      vertex -2.93444 0 10.6237
      vertex -2.87032 -0.610105 10.6237
    endloop
  endfacet
  facet normal -0.708508 -0.230207 0.667099
    outer loop
      vertex -1.96352 -0.417359 12.2294
      vertex -2.37401 -0.504612 11.7634
      vertex -1.83384 -0.81648 12.2294
    endloop
  endfacet
  facet normal -0.824767 -0.267983 0.497941
    outer loop
      vertex -2.37401 -0.504612 11.7634
      vertex -2.5037 -1.11472 11.2202
      vertex -2.21722 -0.98717 11.7634
    endloop
  endfacet
  facet normal -0.586666 0.061664 0.807478
    outer loop
      vertex -1.96352 0.417359 12.2294
      vertex -1.82464 0.37306 12.3337
      vertex -1.82312 0.387515 12.3337
    endloop
  endfacet
  facet normal -0.586666 0.061662 0.807478
    outer loop
      vertex -1.96352 0.417359 12.2294
      vertex -1.85457 0.0882296 12.3337
      vertex -1.82464 0.37306 12.3337
    endloop
  endfacet
  facet normal -0.586668 0.0616612 0.807477
    outer loop
      vertex -1.85457 0.0882296 12.3337
      vertex -1.96352 0.417359 12.2294
      vertex -2.00739 0 12.2294
    endloop
  endfacet
  facet normal -0.740888 0.0778703 0.667099
    outer loop
      vertex -1.96352 0.417359 12.2294
      vertex -2.37401 0.504612 11.7634
      vertex -2.00739 0 12.2294
    endloop
  endfacet
  facet normal -0.206786 0.972847 0.103963
    outer loop
      vertex -0.306732 2.91837 10.6237
      vertex -0.927051 2.85317 10
      vertex -0.906793 2.79082 10.6237
    endloop
  endfacet
  facet normal 0.945903 0.307343 0.103962
    outer loop
      vertex 2.74064 1.22021 10
      vertex 2.68075 1.19355 10.6237
      vertex 2.93444 0.623734 10
    endloop
  endfacet
  facet normal 0.861333 0.49729 0.103962
    outer loop
      vertex 2.74064 1.22021 10
      vertex 2.37401 1.72482 10.6237
      vertex 2.68075 1.19355 10.6237
    endloop
  endfacet
  facet normal 0.509734 0.701589 0.49794
    outer loop
      vertex 1.37032 2.37346 11.2202
      vertex 1.21352 2.10189 11.7634
      vertex 1.83384 2.03669 11.2202
    endloop
  endfacet
  facet normal 0.861333 -0.49729 0.103962
    outer loop
      vertex 2.74064 -1.22021 10
      vertex 2.37401 -1.72482 10.6237
      vertex 2.42705 -1.76336 10
    endloop
  endfacet
  facet normal -0.708508 0.230208 0.667099
    outer loop
      vertex -2.21722 0.98717 11.7634
      vertex -2.37401 0.504612 11.7634
      vertex -1.83384 0.81648 12.2294
    endloop
  endfacet
  facet normal 0.739117 0.665505 0.103962
    outer loop
      vertex 2.00739 2.22943 10
      vertex 1.96352 2.18072 10.6237
      vertex 2.37401 1.72482 10.6237
    endloop
  endfacet
  facet normal -0.352727 0.792237 0.49794
    outer loop
      vertex -0.846903 2.6065 11.2202
      vertex -1.37032 2.37346 11.2202
      vertex -1.21352 2.10189 11.7634
    endloop
  endfacet
  facet normal -0.586666 -0.061664 0.807478
    outer loop
      vertex -1.82464 -0.37306 12.3337
      vertex -1.96352 -0.417359 12.2294
      vertex -1.82312 -0.387515 12.3337
    endloop
  endfacet
  facet normal -0.586666 -0.061662 0.807478
    outer loop
      vertex -1.85457 -0.0882296 12.3337
      vertex -1.96352 -0.417359 12.2294
      vertex -1.82464 -0.37306 12.3337
    endloop
  endfacet
  facet normal -0.586668 -0.0616612 0.807477
    outer loop
      vertex -1.96352 -0.417359 12.2294
      vertex -1.85457 -0.0882296 12.3337
      vertex -2.00739 0 12.2294
    endloop
  endfacet
  facet normal -0.438382 0.394718 0.807477
    outer loop
      vertex -1.62401 1.17991 12.2294
      vertex -1.50788 1.09554 12.3337
      vertex -1.49816 1.10634 12.3337
    endloop
  endfacet
  facet normal -0.438381 0.394721 0.807476
    outer loop
      vertex -1.62401 1.17991 12.2294
      vertex -1.49816 1.10634 12.3337
      vertex -1.44852 1.16147 12.3337
    endloop
  endfacet
  facet normal 0.180303 0.84826 0.497942
    outer loop
      vertex 0.846903 2.6065 11.2202
      vertex 0.253695 2.41375 11.7634
      vertex 0.75 2.30826 11.7634
    endloop
  endfacet
  facet normal 0.824069 0.475776 0.307485
    outer loop
      vertex 2.37401 1.72482 10.6237
      vertex 2.21722 1.6109 11.2202
      vertex 2.5037 1.11472 11.2202
    endloop
  endfacet
  facet normal 0.86246 0.0906488 0.497941
    outer loop
      vertex 2.68075 0.56981 11.2202
      vertex 2.37401 0.504612 11.7634
      vertex 2.74064 0 11.2202
    endloop
  endfacet
  facet normal 0.94634 0.099465 0.307485
    outer loop
      vertex 2.93444 0 10.6237
      vertex 2.68075 0.56981 11.2202
      vertex 2.74064 0 11.2202
    endloop
  endfacet
  facet normal 0.707141 -0.636714 0.307485
    outer loop
      vertex 2.37401 -1.72482 10.6237
      vertex 1.83384 -2.03669 11.2202
      vertex 1.96352 -2.18072 10.6237
    endloop
  endfacet
  facet normal 0.644464 -0.580277 0.497941
    outer loop
      vertex 1.96352 -1.42658 11.7634
      vertex 1.62401 -1.80365 11.7634
      vertex 2.21722 -1.6109 11.2202
    endloop
  endfacet
  facet normal 0 -0.951553 0.307485
    outer loop
      vertex -0.306732 -2.91837 10.6237
      vertex 0.286474 -2.72562 11.2202
      vertex -0.286474 -2.72562 11.2202
    endloop
  endfacet
  facet normal 0 -0.951553 0.307485
    outer loop
      vertex 0.286474 -2.72562 11.2202
      vertex -0.306732 -2.91837 10.6237
      vertex 0.306732 -2.91837 10.6237
    endloop
  endfacet
  facet normal 0.404533 -0.908595 0.103962
    outer loop
      vertex 1.46722 -2.5413 10.6237
      vertex 0.927051 -2.85317 10
      vertex 1.5 -2.59808 10
    endloop
  endfacet
  facet normal 0.584601 -0.804633 0.103962
    outer loop
      vertex 1.96352 -2.18072 10.6237
      vertex 1.46722 -2.5413 10.6237
      vertex 1.5 -2.59808 10
    endloop
  endfacet
  facet normal 0.708508 0.230207 0.667099
    outer loop
      vertex 2.37401 0.504612 11.7634
      vertex 1.83384 0.81648 12.2294
      vertex 1.96352 0.417359 12.2294
    endloop
  endfacet
  facet normal 0.740888 -0.0778703 0.667099
    outer loop
      vertex 2.00739 0 12.2294
      vertex 1.96352 -0.417359 12.2294
      vertex 2.37401 -0.504612 11.7634
    endloop
  endfacet
  facet normal 0.740888 0.0778702 0.667099
    outer loop
      vertex 2.37401 0.504612 11.7634
      vertex 2.00739 0 12.2294
      vertex 2.42705 0 11.7634
    endloop
  endfacet
  facet normal 0.708508 -0.230208 0.667099
    outer loop
      vertex 2.37401 -0.504612 11.7634
      vertex 1.83384 -0.81648 12.2294
      vertex 2.21722 -0.98717 11.7634
    endloop
  endfacet
  facet normal 0.586668 0.0616612 0.807477
    outer loop
      vertex 1.96352 0.417359 12.2294
      vertex 1.85457 0.0882296 12.3337
      vertex 2.00739 0 12.2294
    endloop
  endfacet
  facet normal 0.586666 0.061662 0.807478
    outer loop
      vertex 1.96352 0.417359 12.2294
      vertex 1.82464 0.37306 12.3337
      vertex 1.85457 0.0882296 12.3337
    endloop
  endfacet
  facet normal 0.586666 0.061664 0.807478
    outer loop
      vertex 1.82464 0.37306 12.3337
      vertex 1.96352 0.417359 12.2294
      vertex 1.82312 0.387515 12.3337
    endloop
  endfacet
  facet normal 0.586668 0.0616628 0.807476
    outer loop
      vertex 2.00739 0 12.2294
      vertex 1.85457 0.0882296 12.3337
      vertex 1.86385 0 12.3337
    endloop
  endfacet
  facet normal -0.945903 -0.307343 0.103962
    outer loop
      vertex -2.68075 -1.19355 10.6237
      vertex -2.93444 -0.623734 10
      vertex -2.74064 -1.22021 10
    endloop
  endfacet
  facet normal -0.861333 -0.49729 0.103962
    outer loop
      vertex -2.68075 -1.19355 10.6237
      vertex -2.74064 -1.22021 10
      vertex -2.37401 -1.72482 10.6237
    endloop
  endfacet
  facet normal -0.707141 -0.636714 0.307485
    outer loop
      vertex -1.83384 -2.03669 11.2202
      vertex -2.37401 -1.72482 10.6237
      vertex -1.96352 -2.18072 10.6237
    endloop
  endfacet
  facet normal -0.438377 -0.39472 0.807479
    outer loop
      vertex -1.44852 -1.16147 12.3337
      vertex -1.34321 -1.49178 12.2294
      vertex -1.24716 -1.38511 12.3337
    endloop
  endfacet
  facet normal -0.438381 -0.39472 0.807476
    outer loop
      vertex -1.34321 -1.49178 12.2294
      vertex -1.44852 -1.16147 12.3337
      vertex -1.62401 -1.17991 12.2294
    endloop
  endfacet
  facet normal -0.707141 -0.636713 0.307485
    outer loop
      vertex -2.21722 -1.6109 11.2202
      vertex -2.37401 -1.72482 10.6237
      vertex -1.83384 -2.03669 11.2202
    endloop
  endfacet
  facet normal -0.739117 -0.665505 0.103962
    outer loop
      vertex -1.96352 -2.18072 10.6237
      vertex -2.37401 -1.72482 10.6237
      vertex -2.00739 -2.22943 10
    endloop
  endfacet
  facet normal 0.122647 -0.577006 0.807478
    outer loop
      vertex 0.209042 -1.85061 12.3337
      vertex 0.209829 -1.9964 12.2294
      vertex 0.281602 -1.83519 12.3337
    endloop
  endfacet
  facet normal 0.122647 -0.577006 0.807478
    outer loop
      vertex 0.209829 -1.9964 12.2294
      vertex 0.209042 -1.85061 12.3337
      vertex 0.194825 -1.85364 12.3337
    endloop
  endfacet
  facet normal -0.346732 -0.477237 0.807478
    outer loop
      vertex -1.34321 -1.49178 12.2294
      vertex -1.2354 -1.39365 12.3337
      vertex -1.24716 -1.38511 12.3337
    endloop
  endfacet
  facet normal -0.34674 -0.47723 0.807479
    outer loop
      vertex -1.2354 -1.39365 12.3337
      vertex -1.34321 -1.49178 12.2294
      vertex -1.17538 -1.43725 12.3337
    endloop
  endfacet
  facet normal 0.352725 -0.792237 0.497942
    outer loop
      vertex 1.21352 -2.10189 11.7634
      vertex 0.749999 -2.30826 11.7634
      vertex 0.846903 -2.6065 11.2202
    endloop
  endfacet
  facet normal 0 -0.867211 0.497941
    outer loop
      vertex -0.286474 -2.72562 11.2202
      vertex 0.253695 -2.41375 11.7634
      vertex -0.253695 -2.41375 11.7634
    endloop
  endfacet
  facet normal 0 -0.867211 0.497941
    outer loop
      vertex 0.253695 -2.41375 11.7634
      vertex -0.286474 -2.72562 11.2202
      vertex 0.286474 -2.72562 11.2202
    endloop
  endfacet
  facet normal -0.352727 -0.792237 0.49794
    outer loop
      vertex -1.21352 -2.10189 11.7634
      vertex -1.37032 -2.37346 11.2202
      vertex -0.846903 -2.6065 11.2202
    endloop
  endfacet
  facet normal -0.86246 0.0906488 0.497941
    outer loop
      vertex -2.68075 0.56981 11.2202
      vertex -2.74064 0 11.2202
      vertex -2.37401 0.504612 11.7634
    endloop
  endfacet
  facet normal -0.904981 -0.294046 0.307485
    outer loop
      vertex -2.68075 -0.56981 11.2202
      vertex -2.87032 -0.610105 10.6237
      vertex -2.5037 -1.11472 11.2202
    endloop
  endfacet
  facet normal -0.94634 -0.099465 0.307485
    outer loop
      vertex -2.74064 0 11.2202
      vertex -2.93444 0 10.6237
      vertex -2.68075 -0.56981 11.2202
    endloop
  endfacet
  facet normal -0.437882 -0.602692 0.667099
    outer loop
      vertex -1.34321 -1.49178 12.2294
      vertex -1.62401 -1.80365 11.7634
      vertex -1.0037 -1.73845 12.2294
    endloop
  endfacet
  facet normal -0.824069 -0.475776 0.307485
    outer loop
      vertex -2.21722 -1.6109 11.2202
      vertex -2.5037 -1.11472 11.2202
      vertex -2.37401 -1.72482 10.6237
    endloop
  endfacet
  facet normal -0.708508 0.230207 0.667099
    outer loop
      vertex -1.83384 0.81648 12.2294
      vertex -2.37401 0.504612 11.7634
      vertex -1.96352 0.417359 12.2294
    endloop
  endfacet
  facet normal -0.86246 0.0906479 0.497941
    outer loop
      vertex -2.37401 0.504612 11.7634
      vertex -2.74064 0 11.2202
      vertex -2.42705 0 11.7634
    endloop
  endfacet
  facet normal -0.645162 0.372485 0.667099
    outer loop
      vertex -1.62401 1.17991 12.2294
      vertex -2.21722 0.98717 11.7634
      vertex -1.83384 0.81648 12.2294
    endloop
  endfacet
  facet normal 0 0.951553 0.307485
    outer loop
      vertex 0.306732 2.91837 10.6237
      vertex -0.286474 2.72562 11.2202
      vertex 0.286474 2.72562 11.2202
    endloop
  endfacet
  facet normal 0 0.951553 0.307485
    outer loop
      vertex -0.286474 2.72562 11.2202
      vertex 0.306732 2.91837 10.6237
      vertex -0.306732 2.91837 10.6237
    endloop
  endfacet
  facet normal -0.86246 -0.0906479 0.497941
    outer loop
      vertex -2.42705 0 11.7634
      vertex -2.74064 0 11.2202
      vertex -2.37401 -0.504612 11.7634
    endloop
  endfacet
  facet normal -0.740888 0.0778702 0.667099
    outer loop
      vertex -2.37401 0.504612 11.7634
      vertex -2.42705 0 11.7634
      vertex -2.00739 0 12.2294
    endloop
  endfacet
  facet normal 0.559309 0.769822 0.307485
    outer loop
      vertex 1.96352 2.18072 10.6237
      vertex 1.46722 2.5413 10.6237
      vertex 1.83384 2.03669 11.2202
    endloop
  endfacet
  facet normal 0.387032 0.869286 0.307486
    outer loop
      vertex 1.46722 2.5413 10.6237
      vertex 0.846903 2.6065 11.2202
      vertex 1.37032 2.37346 11.2202
    endloop
  endfacet
  facet normal 0.904981 0.294046 0.307484
    outer loop
      vertex 2.68075 1.19355 10.6237
      vertex 2.5037 1.11472 11.2202
      vertex 2.87032 0.610105 10.6237
    endloop
  endfacet
  facet normal 0.945903 0.307342 0.103963
    outer loop
      vertex 2.93444 0.623734 10
      vertex 2.68075 1.19355 10.6237
      vertex 2.87032 0.610105 10.6237
    endloop
  endfacet
  facet normal 0.346735 0.477239 0.807476
    outer loop
      vertex 1.0037 1.73845 12.2294
      vertex 1.17538 1.43725 12.3337
      vertex 1.34321 1.49178 12.2294
    endloop
  endfacet
  facet normal 0.346733 0.477238 0.807478
    outer loop
      vertex 1.0037 1.73845 12.2294
      vertex 0.931923 1.61414 12.3337
      vertex 1.17538 1.43725 12.3337
    endloop
  endfacet
  facet normal 0.303006 0.680563 0.667099
    outer loop
      vertex 1.21352 2.10189 11.7634
      vertex 0.75 2.30826 11.7634
      vertex 1.0037 1.73845 12.2294
    endloop
  endfacet
  facet normal 0.94634 -0.0994651 0.307485
    outer loop
      vertex 2.93444 0 10.6237
      vertex 2.68075 -0.56981 11.2202
      vertex 2.87032 -0.610105 10.6237
    endloop
  endfacet
  facet normal 0.945903 -0.307343 0.103962
    outer loop
      vertex 2.93444 -0.623734 10
      vertex 2.68075 -1.19355 10.6237
      vertex 2.74064 -1.22021 10
    endloop
  endfacet
  facet normal 0.945903 -0.307342 0.103963
    outer loop
      vertex 2.87032 -0.610105 10.6237
      vertex 2.68075 -1.19355 10.6237
      vertex 2.93444 -0.623734 10
    endloop
  endfacet
  facet normal -0.404532 0.908595 0.103963
    outer loop
      vertex -0.927051 2.85317 10
      vertex -1.46722 2.5413 10.6237
      vertex -0.906793 2.79082 10.6237
    endloop
  endfacet
  facet normal -0.707141 0.636714 0.307485
    outer loop
      vertex -1.96352 2.18072 10.6237
      vertex -2.37401 1.72482 10.6237
      vertex -1.83384 2.03669 11.2202
    endloop
  endfacet
  facet normal -0.509734 0.701589 0.49794
    outer loop
      vertex -1.37032 2.37346 11.2202
      vertex -1.83384 2.03669 11.2202
      vertex -1.21352 2.10189 11.7634
    endloop
  endfacet
  facet normal -0.303005 0.680564 0.667099
    outer loop
      vertex -0.749999 2.30826 11.7634
      vertex -1.21352 2.10189 11.7634
      vertex -0.620317 1.90914 12.2294
    endloop
  endfacet
  facet normal 0.352727 0.792237 0.49794
    outer loop
      vertex 1.37032 2.37346 11.2202
      vertex 0.846903 2.6065 11.2202
      vertex 1.21352 2.10189 11.7634
    endloop
  endfacet
  facet normal -0.586668 0.0616628 0.807476
    outer loop
      vertex -1.85457 0.0882296 12.3337
      vertex -2.00739 0 12.2294
      vertex -1.86385 0 12.3337
    endloop
  endfacet
  facet normal -0.586668 -0.0616628 0.807476
    outer loop
      vertex -1.86385 0 12.3337
      vertex -2.00739 0 12.2294
      vertex -1.85457 -0.0882296 12.3337
    endloop
  endfacet
  facet normal 0.239933 0.538899 0.807478
    outer loop
      vertex 1.0037 1.73845 12.2294
      vertex 0.657006 1.73654 12.3337
      vertex 0.931923 1.61414 12.3337
    endloop
  endfacet
  facet normal 0.239933 0.538899 0.807478
    outer loop
      vertex 0.657006 1.73654 12.3337
      vertex 1.0037 1.73845 12.2294
      vertex 0.620317 1.90914 12.2294
    endloop
  endfacet
  facet normal -0.180303 0.84826 0.497942
    outer loop
      vertex -0.253695 2.41375 11.7634
      vertex -0.846903 2.6065 11.2202
      vertex -0.749999 2.30826 11.7634
    endloop
  endfacet
  facet normal 0.824767 -0.267983 0.497941
    outer loop
      vertex 2.37401 -0.504612 11.7634
      vertex 2.21722 -0.98717 11.7634
      vertex 2.5037 -1.11472 11.2202
    endloop
  endfacet
  facet normal 0.824069 -0.475776 0.307485
    outer loop
      vertex 2.5037 -1.11472 11.2202
      vertex 2.21722 -1.6109 11.2202
      vertex 2.37401 -1.72482 10.6237
    endloop
  endfacet
  facet normal 0.989133 -0.103963 0.103963
    outer loop
      vertex 2.93444 0 10.6237
      vertex 2.93444 -0.623734 10
      vertex 3 0 10
    endloop
  endfacet
  facet normal 0.989133 0.103963 0.103963
    outer loop
      vertex 2.93444 0.623734 10
      vertex 2.93444 0 10.6237
      vertex 3 0 10
    endloop
  endfacet
  facet normal 0.904981 0.294046 0.307485
    outer loop
      vertex 2.87032 0.610105 10.6237
      vertex 2.5037 1.11472 11.2202
      vertex 2.68075 0.56981 11.2202
    endloop
  endfacet
  facet normal 0.824767 0.267983 0.497941
    outer loop
      vertex 2.5037 1.11472 11.2202
      vertex 2.37401 0.504612 11.7634
      vertex 2.68075 0.56981 11.2202
    endloop
  endfacet
  facet normal 0.352727 -0.792237 0.49794
    outer loop
      vertex 1.21352 -2.10189 11.7634
      vertex 0.846903 -2.6065 11.2202
      vertex 1.37032 -2.37346 11.2202
    endloop
  endfacet
  facet normal 0.644463 -0.580278 0.497941
    outer loop
      vertex 2.21722 -1.6109 11.2202
      vertex 1.62401 -1.80365 11.7634
      vertex 1.83384 -2.03669 11.2202
    endloop
  endfacet
  facet normal 0.751027 -0.433605 0.497941
    outer loop
      vertex 2.21722 -0.98717 11.7634
      vertex 2.21722 -1.6109 11.2202
      vertex 2.5037 -1.11472 11.2202
    endloop
  endfacet
  facet normal 0.751026 -0.433606 0.497942
    outer loop
      vertex 2.21722 -0.98717 11.7634
      vertex 1.96352 -1.42658 11.7634
      vertex 2.21722 -1.6109 11.2202
    endloop
  endfacet
  facet normal 0.303006 -0.680563 0.667099
    outer loop
      vertex 1.0037 -1.73845 12.2294
      vertex 0.620317 -1.90914 12.2294
      vertex 1.21352 -2.10189 11.7634
    endloop
  endfacet
  facet normal 0.303005 -0.680564 0.667099
    outer loop
      vertex 1.21352 -2.10189 11.7634
      vertex 0.620317 -1.90914 12.2294
      vertex 0.749999 -2.30826 11.7634
    endloop
  endfacet
  facet normal 0.387031 -0.869287 0.307484
    outer loop
      vertex 1.46722 -2.5413 10.6237
      vertex 0.846903 -2.6065 11.2202
      vertex 0.906793 -2.79082 10.6237
    endloop
  endfacet
  facet normal 0.404532 -0.908595 0.103963
    outer loop
      vertex 1.46722 -2.5413 10.6237
      vertex 0.906793 -2.79082 10.6237
      vertex 0.927051 -2.85317 10
    endloop
  endfacet
  facet normal 0.553621 0.498481 0.667099
    outer loop
      vertex 1.62401 1.80365 11.7634
      vertex 1.62401 1.17991 12.2294
      vertex 1.96352 1.42658 11.7634
    endloop
  endfacet
  facet normal 0.708508 0.230208 0.667099
    outer loop
      vertex 2.21722 0.98717 11.7634
      vertex 1.83384 0.81648 12.2294
      vertex 2.37401 0.504612 11.7634
    endloop
  endfacet
  facet normal 0.86246 -0.0906479 0.497941
    outer loop
      vertex 2.42705 0 11.7634
      vertex 2.37401 -0.504612 11.7634
      vertex 2.74064 0 11.2202
    endloop
  endfacet
  facet normal 0.86246 0.0906479 0.497941
    outer loop
      vertex 2.74064 0 11.2202
      vertex 2.37401 0.504612 11.7634
      vertex 2.42705 0 11.7634
    endloop
  endfacet
  facet normal 0.561027 0.182288 0.807477
    outer loop
      vertex 1.83384 0.81648 12.2294
      vertex 1.7072 0.744271 12.3337
      vertex 1.73012 0.67372 12.3337
    endloop
  endfacet
  facet normal 0.561026 0.18229 0.807478
    outer loop
      vertex 1.7072 0.744271 12.3337
      vertex 1.83384 0.81648 12.2294
      vertex 1.70271 0.758094 12.3337
    endloop
  endfacet
  facet normal 0.510867 0.294949 0.807478
    outer loop
      vertex 1.83384 0.81648 12.2294
      vertex 1.65835 0.834925 12.3337
      vertex 1.70271 0.758094 12.3337
    endloop
  endfacet
  facet normal -0.861333 -0.49729 0.103962
    outer loop
      vertex -2.37401 -1.72482 10.6237
      vertex -2.74064 -1.22021 10
      vertex -2.42705 -1.76336 10
    endloop
  endfacet
  facet normal -0.904981 -0.294046 0.307484
    outer loop
      vertex -2.5037 -1.11472 11.2202
      vertex -2.87032 -0.610105 10.6237
      vertex -2.68075 -1.19355 10.6237
    endloop
  endfacet
  facet normal -0.945903 -0.307342 0.103963
    outer loop
      vertex -2.87032 -0.610105 10.6237
      vertex -2.93444 -0.623734 10
      vertex -2.68075 -1.19355 10.6237
    endloop
  endfacet
  facet normal -0.206786 -0.972847 0.103963
    outer loop
      vertex -0.906793 -2.79082 10.6237
      vertex -0.927051 -2.85317 10
      vertex -0.306732 -2.91837 10.6237
    endloop
  endfacet
  facet normal -0.404532 -0.908595 0.103963
    outer loop
      vertex -0.906793 -2.79082 10.6237
      vertex -1.46722 -2.5413 10.6237
      vertex -0.927051 -2.85317 10
    endloop
  endfacet
  facet normal -0.584601 -0.804633 0.103962
    outer loop
      vertex -1.96352 -2.18072 10.6237
      vertex -2.00739 -2.22943 10
      vertex -1.5 -2.59808 10
    endloop
  endfacet
  facet normal -0.584601 -0.804633 0.103962
    outer loop
      vertex -1.46722 -2.5413 10.6237
      vertex -1.96352 -2.18072 10.6237
      vertex -1.5 -2.59808 10
    endloop
  endfacet
  facet normal -0.644463 -0.580278 0.497941
    outer loop
      vertex -1.62401 -1.80365 11.7634
      vertex -2.21722 -1.6109 11.2202
      vertex -1.83384 -2.03669 11.2202
    endloop
  endfacet
  facet normal 0.708508 -0.230207 0.667099
    outer loop
      vertex 1.96352 -0.417359 12.2294
      vertex 1.83384 -0.81648 12.2294
      vertex 2.37401 -0.504612 11.7634
    endloop
  endfacet
  facet normal 0.561027 -0.182288 0.807478
    outer loop
      vertex 1.73012 -0.67372 12.3337
      vertex 1.96352 -0.417359 12.2294
      vertex 1.82312 -0.387515 12.3337
    endloop
  endfacet
  facet normal 0.561027 -0.182288 0.807477
    outer loop
      vertex 1.96352 -0.417359 12.2294
      vertex 1.73012 -0.67372 12.3337
      vertex 1.83384 -0.81648 12.2294
    endloop
  endfacet
  facet normal -0.197839 -0.930759 0.307485
    outer loop
      vertex -0.286474 -2.72562 11.2202
      vertex -0.846903 -2.6065 11.2202
      vertex -0.306732 -2.91837 10.6237
    endloop
  endfacet
  facet normal 0 -0.74497 0.667098
    outer loop
      vertex -0.253695 -2.41375 11.7634
      vertex 0.209829 -1.9964 12.2294
      vertex -0.209829 -1.9964 12.2294
    endloop
  endfacet
  facet normal 0 -0.74497 0.667098
    outer loop
      vertex 0.209829 -1.9964 12.2294
      vertex -0.253695 -2.41375 11.7634
      vertex 0.253695 -2.41375 11.7634
    endloop
  endfacet
  facet normal -0.346733 -0.477238 0.807478
    outer loop
      vertex -1.17538 -1.43725 12.3337
      vertex -1.0037 -1.73845 12.2294
      vertex -0.931923 -1.61414 12.3337
    endloop
  endfacet
  facet normal -0.346735 -0.477239 0.807476
    outer loop
      vertex -1.0037 -1.73845 12.2294
      vertex -1.17538 -1.43725 12.3337
      vertex -1.34321 -1.49178 12.2294
    endloop
  endfacet
  facet normal -0.989133 0.103963 0.103963
    outer loop
      vertex -2.93444 0.623734 10
      vertex -2.93444 0 10.6237
      vertex -2.87032 0.610105 10.6237
    endloop
  endfacet
  facet normal -0.824767 0.267983 0.497941
    outer loop
      vertex -2.21722 0.98717 11.7634
      vertex -2.5037 1.11472 11.2202
      vertex -2.37401 0.504612 11.7634
    endloop
  endfacet
  facet normal -0.645162 -0.372485 0.667099
    outer loop
      vertex -1.62401 -1.17991 12.2294
      vertex -2.21722 -0.98717 11.7634
      vertex -1.96352 -1.42658 11.7634
    endloop
  endfacet
  facet normal -0.708508 -0.230208 0.667099
    outer loop
      vertex -1.83384 -0.81648 12.2294
      vertex -2.37401 -0.504612 11.7634
      vertex -2.21722 -0.98717 11.7634
    endloop
  endfacet
  facet normal -0.751026 -0.433606 0.497942
    outer loop
      vertex -2.21722 -0.98717 11.7634
      vertex -2.21722 -1.6109 11.2202
      vertex -1.96352 -1.42658 11.7634
    endloop
  endfacet
  facet normal -0.509734 -0.701589 0.497941
    outer loop
      vertex -1.62401 -1.80365 11.7634
      vertex -1.83384 -2.03669 11.2202
      vertex -1.21352 -2.10189 11.7634
    endloop
  endfacet
  facet normal -0.122647 -0.577008 0.807477
    outer loop
      vertex -0.620317 -1.90914 12.2294
      vertex -0.281602 -1.83519 12.3337
      vertex -0.575959 -1.77262 12.3337
    endloop
  endfacet
  facet normal -0.122648 -0.577007 0.807478
    outer loop
      vertex -0.281602 -1.83519 12.3337
      vertex -0.620317 -1.90914 12.2294
      vertex -0.209829 -1.9964 12.2294
    endloop
  endfacet
  facet normal -0.446859 -0.446859 0.775006
    outer loop
      vertex -0.620317 -1.90914 12.2294
      vertex -0.575959 -1.77262 12.3337
      vertex -0.57596 -1.77262 12.3337
    endloop
  endfacet
  facet normal -0.561027 0.182288 0.807477
    outer loop
      vertex -1.96352 0.417359 12.2294
      vertex -1.73012 0.67372 12.3337
      vertex -1.83384 0.81648 12.2294
    endloop
  endfacet
  facet normal -0.561027 0.182288 0.807478
    outer loop
      vertex -1.73012 0.67372 12.3337
      vertex -1.96352 0.417359 12.2294
      vertex -1.82312 0.387515 12.3337
    endloop
  endfacet
  facet normal 0.437882 0.602693 0.667099
    outer loop
      vertex 1.21352 2.10189 11.7634
      vertex 1.0037 1.73845 12.2294
      vertex 1.62401 1.80365 11.7634
    endloop
  endfacet
  facet normal 0.645162 0.372485 0.667099
    outer loop
      vertex 2.21722 0.98717 11.7634
      vertex 1.62401 1.17991 12.2294
      vertex 1.83384 0.81648 12.2294
    endloop
  endfacet
  facet normal 0.644463 0.580278 0.497941
    outer loop
      vertex 1.83384 2.03669 11.2202
      vertex 1.62401 1.80365 11.7634
      vertex 2.21722 1.6109 11.2202
    endloop
  endfacet
  facet normal -0.584601 0.804633 0.103962
    outer loop
      vertex -1.46722 2.5413 10.6237
      vertex -2.00739 2.22943 10
      vertex -1.96352 2.18072 10.6237
    endloop
  endfacet
  facet normal -0.824069 0.475776 0.307485
    outer loop
      vertex -2.37401 1.72482 10.6237
      vertex -2.5037 1.11472 11.2202
      vertex -2.21722 1.6109 11.2202
    endloop
  endfacet
  facet normal 0.352726 0.792237 0.497942
    outer loop
      vertex 0.846903 2.6065 11.2202
      vertex 0.75 2.30826 11.7634
      vertex 1.21352 2.10189 11.7634
    endloop
  endfacet
  facet normal -0.553621 0.498481 0.667099
    outer loop
      vertex -1.62401 1.80365 11.7634
      vertex -1.96352 1.42658 11.7634
      vertex -1.62401 1.17991 12.2294
    endloop
  endfacet
  facet normal -0.644464 0.580277 0.497941
    outer loop
      vertex -1.62401 1.80365 11.7634
      vertex -2.21722 1.6109 11.2202
      vertex -1.96352 1.42658 11.7634
    endloop
  endfacet
  facet normal -0.352725 0.792237 0.497942
    outer loop
      vertex -0.846903 2.6065 11.2202
      vertex -1.21352 2.10189 11.7634
      vertex -0.749999 2.30826 11.7634
    endloop
  endfacet
  facet normal -0.197839 0.930759 0.307485
    outer loop
      vertex -0.306732 2.91837 10.6237
      vertex -0.846903 2.6065 11.2202
      vertex -0.286474 2.72562 11.2202
    endloop
  endfacet
  facet normal -0.387032 0.869286 0.307486
    outer loop
      vertex -0.846903 2.6065 11.2202
      vertex -1.46722 2.5413 10.6237
      vertex -1.37032 2.37346 11.2202
    endloop
  endfacet
  facet normal -0.644463 0.580278 0.497941
    outer loop
      vertex -1.83384 2.03669 11.2202
      vertex -2.21722 1.6109 11.2202
      vertex -1.62401 1.80365 11.7634
    endloop
  endfacet
  facet normal -0.740888 -0.0778702 0.667099
    outer loop
      vertex -2.00739 0 12.2294
      vertex -2.42705 0 11.7634
      vertex -2.37401 -0.504612 11.7634
    endloop
  endfacet
  facet normal -0.740888 -0.0778703 0.667099
    outer loop
      vertex -2.00739 0 12.2294
      vertex -2.37401 -0.504612 11.7634
      vertex -1.96352 -0.417359 12.2294
    endloop
  endfacet
  facet normal -0.346734 0.477238 0.807477
    outer loop
      vertex -1.34321 1.49178 12.2294
      vertex -1.0037 1.56199 12.3337
      vertex -1.0037 1.73845 12.2294
    endloop
  endfacet
  facet normal -0.346734 0.477235 0.807479
    outer loop
      vertex -1.0037 1.56199 12.3337
      vertex -1.34321 1.49178 12.2294
      vertex -1.2354 1.39365 12.3337
    endloop
  endfacet
  facet normal -0.34673 0.477239 0.807478
    outer loop
      vertex -1.2354 1.39365 12.3337
      vertex -1.34321 1.49178 12.2294
      vertex -1.24716 1.38511 12.3337
    endloop
  endfacet
  facet normal -0.437882 0.602692 0.667099
    outer loop
      vertex -1.0037 1.73845 12.2294
      vertex -1.62401 1.80365 11.7634
      vertex -1.34321 1.49178 12.2294
    endloop
  endfacet
  facet normal 0.559308 0.769822 0.307486
    outer loop
      vertex 1.46722 2.5413 10.6237
      vertex 1.37032 2.37346 11.2202
      vertex 1.83384 2.03669 11.2202
    endloop
  endfacet
  facet normal 0 0.867211 0.497941
    outer loop
      vertex 0.286474 2.72562 11.2202
      vertex -0.253695 2.41375 11.7634
      vertex 0.253695 2.41375 11.7634
    endloop
  endfacet
  facet normal 0 0.867211 0.497941
    outer loop
      vertex -0.253695 2.41375 11.7634
      vertex 0.286474 2.72562 11.2202
      vertex -0.286474 2.72562 11.2202
    endloop
  endfacet
  facet normal 0.904981 -0.294046 0.307484
    outer loop
      vertex 2.87032 -0.610105 10.6237
      vertex 2.5037 -1.11472 11.2202
      vertex 2.68075 -1.19355 10.6237
    endloop
  endfacet
  facet normal 0.904981 -0.294046 0.307485
    outer loop
      vertex 2.68075 -0.56981 11.2202
      vertex 2.5037 -1.11472 11.2202
      vertex 2.87032 -0.610105 10.6237
    endloop
  endfacet
  facet normal 0.509734 -0.701589 0.49794
    outer loop
      vertex 1.83384 -2.03669 11.2202
      vertex 1.21352 -2.10189 11.7634
      vertex 1.37032 -2.37346 11.2202
    endloop
  endfacet
  facet normal 0.509734 -0.701589 0.497941
    outer loop
      vertex 1.62401 -1.80365 11.7634
      vertex 1.21352 -2.10189 11.7634
      vertex 1.83384 -2.03669 11.2202
    endloop
  endfacet
  facet normal 0 -0.994581 0.103962
    outer loop
      vertex -0.313585 -2.98357 10
      vertex 0.306732 -2.91837 10.6237
      vertex -0.306732 -2.91837 10.6237
    endloop
  endfacet
  facet normal 0 -0.994581 0.103962
    outer loop
      vertex 0.306732 -2.91837 10.6237
      vertex -0.313585 -2.98357 10
      vertex 0.313585 -2.98357 10
    endloop
  endfacet
  facet normal -0.206785 -0.972847 0.103962
    outer loop
      vertex -0.306732 -2.91837 10.6237
      vertex -0.927051 -2.85317 10
      vertex -0.313585 -2.98357 10
    endloop
  endfacet
  facet normal -0.561026 -0.18229 0.807478
    outer loop
      vertex -1.7072 -0.744271 12.3337
      vertex -1.83384 -0.81648 12.2294
      vertex -1.70271 -0.758094 12.3337
    endloop
  endfacet
  facet normal -0.561027 -0.182288 0.807477
    outer loop
      vertex -1.83384 -0.81648 12.2294
      vertex -1.7072 -0.744271 12.3337
      vertex -1.73012 -0.67372 12.3337
    endloop
  endfacet
  facet normal -0.553619 -0.498482 0.667099
    outer loop
      vertex -1.62401 -1.17991 12.2294
      vertex -1.62401 -1.80365 11.7634
      vertex -1.34321 -1.49178 12.2294
    endloop
  endfacet
  facet normal 0.239933 -0.538899 0.807478
    outer loop
      vertex 0.657006 -1.73654 12.3337
      vertex 1.0037 -1.73845 12.2294
      vertex 0.931923 -1.61414 12.3337
    endloop
  endfacet
  facet normal 0.239933 -0.538899 0.807478
    outer loop
      vertex 1.0037 -1.73845 12.2294
      vertex 0.657006 -1.73654 12.3337
      vertex 0.620317 -1.90914 12.2294
    endloop
  endfacet
  facet normal 0.438381 -0.39472 0.807476
    outer loop
      vertex 1.44852 -1.16147 12.3337
      vertex 1.34321 -1.49178 12.2294
      vertex 1.62401 -1.17991 12.2294
    endloop
  endfacet
  facet normal 0.438377 -0.39472 0.807479
    outer loop
      vertex 1.24716 -1.38511 12.3337
      vertex 1.34321 -1.49178 12.2294
      vertex 1.44852 -1.16147 12.3337
    endloop
  endfacet
  facet normal 0.346735 -0.477239 0.807476
    outer loop
      vertex 1.17538 -1.43725 12.3337
      vertex 1.0037 -1.73845 12.2294
      vertex 1.34321 -1.49178 12.2294
    endloop
  endfacet
  facet normal 0.346733 -0.477238 0.807478
    outer loop
      vertex 0.931923 -1.61414 12.3337
      vertex 1.0037 -1.73845 12.2294
      vertex 1.17538 -1.43725 12.3337
    endloop
  endfacet
  facet normal 0.437882 -0.602692 0.667099
    outer loop
      vertex 1.34321 -1.49178 12.2294
      vertex 1.0037 -1.73845 12.2294
      vertex 1.62401 -1.80365 11.7634
    endloop
  endfacet
  facet normal 0.438382 -0.394718 0.807477
    outer loop
      vertex 1.49816 -1.10634 12.3337
      vertex 1.62401 -1.17991 12.2294
      vertex 1.50788 -1.09554 12.3337
    endloop
  endfacet
  facet normal 0.438381 -0.394721 0.807476
    outer loop
      vertex 1.62401 -1.17991 12.2294
      vertex 1.49816 -1.10634 12.3337
      vertex 1.44852 -1.16147 12.3337
    endloop
  endfacet
  facet normal 0.510867 -0.294949 0.807477
    outer loop
      vertex 1.65835 -0.834925 12.3337
      vertex 1.62401 -1.17991 12.2294
      vertex 1.83384 -0.81648 12.2294
    endloop
  endfacet
  facet normal 0.510868 -0.294949 0.807477
    outer loop
      vertex 1.51515 -1.08295 12.3337
      vertex 1.62401 -1.17991 12.2294
      vertex 1.65835 -0.834925 12.3337
    endloop
  endfacet
  facet normal 0.510868 -0.29495 0.807477
    outer loop
      vertex 1.62401 -1.17991 12.2294
      vertex 1.51515 -1.08295 12.3337
      vertex 1.50788 -1.09554 12.3337
    endloop
  endfacet
  facet normal 0.206786 -0.972847 0.103963
    outer loop
      vertex 0.906793 -2.79082 10.6237
      vertex 0.306732 -2.91837 10.6237
      vertex 0.927051 -2.85317 10
    endloop
  endfacet
  facet normal 0.19784 -0.930759 0.307484
    outer loop
      vertex 0.846903 -2.6065 11.2202
      vertex 0.306732 -2.91837 10.6237
      vertex 0.906793 -2.79082 10.6237
    endloop
  endfacet
  facet normal 0 -0.589897 0.807478
    outer loop
      vertex -0.194825 -1.85364 12.3337
      vertex 0.209829 -1.9964 12.2294
      vertex 0.194825 -1.85364 12.3337
    endloop
  endfacet
  facet normal 0 -0.589897 0.807478
    outer loop
      vertex -0.194825 -1.85364 12.3337
      vertex -0.209829 -1.9964 12.2294
      vertex 0.209829 -1.9964 12.2294
    endloop
  endfacet
  facet normal -0.180303 -0.84826 0.497942
    outer loop
      vertex -0.75 -2.30826 11.7634
      vertex -0.846903 -2.6065 11.2202
      vertex -0.253695 -2.41375 11.7634
    endloop
  endfacet
  facet normal -0.180303 -0.84826 0.497942
    outer loop
      vertex -0.253695 -2.41375 11.7634
      vertex -0.846903 -2.6065 11.2202
      vertex -0.286474 -2.72562 11.2202
    endloop
  endfacet
  facet normal -0.989133 0.103963 0.103963
    outer loop
      vertex -2.93444 0.623734 10
      vertex -3 0 10
      vertex -2.93444 0 10.6237
    endloop
  endfacet
  facet normal -0.989133 -0.103963 0.103963
    outer loop
      vertex -2.93444 0 10.6237
      vertex -3 0 10
      vertex -2.93444 -0.623734 10
    endloop
  endfacet
  facet normal -0.945903 0.307343 0.103962
    outer loop
      vertex -2.74064 1.22021 10
      vertex -2.93444 0.623734 10
      vertex -2.68075 1.19355 10.6237
    endloop
  endfacet
  facet normal -0.751027 0.433605 0.497941
    outer loop
      vertex -2.21722 1.6109 11.2202
      vertex -2.5037 1.11472 11.2202
      vertex -2.21722 0.98717 11.7634
    endloop
  endfacet
  facet normal -0.509734 0.701589 0.497941
    outer loop
      vertex -1.21352 2.10189 11.7634
      vertex -1.83384 2.03669 11.2202
      vertex -1.62401 1.80365 11.7634
    endloop
  endfacet
  facet normal -0.510867 -0.294949 0.807478
    outer loop
      vertex -1.70271 -0.758094 12.3337
      vertex -1.83384 -0.81648 12.2294
      vertex -1.65835 -0.834925 12.3337
    endloop
  endfacet
  facet normal -0.561027 -0.182288 0.807478
    outer loop
      vertex -1.82312 -0.387515 12.3337
      vertex -1.96352 -0.417359 12.2294
      vertex -1.83384 -0.81648 12.2294
    endloop
  endfacet
  facet normal -0.561027 -0.182288 0.807477
    outer loop
      vertex -1.73012 -0.67372 12.3337
      vertex -1.82312 -0.387515 12.3337
      vertex -1.83384 -0.81648 12.2294
    endloop
  endfacet
  facet normal -0.387032 -0.869286 0.307486
    outer loop
      vertex -1.37032 -2.37346 11.2202
      vertex -1.46722 -2.5413 10.6237
      vertex -0.846903 -2.6065 11.2202
    endloop
  endfacet
  facet normal -0.352726 -0.792237 0.497942
    outer loop
      vertex -0.75 -2.30826 11.7634
      vertex -1.21352 -2.10189 11.7634
      vertex -0.846903 -2.6065 11.2202
    endloop
  endfacet
  facet normal -0.510867 0.294949 0.807478
    outer loop
      vertex -1.65835 0.834925 12.3337
      vertex -1.83384 0.81648 12.2294
      vertex -1.70271 0.758094 12.3337
    endloop
  endfacet
  facet normal -0.154889 0.72869 0.667099
    outer loop
      vertex -0.209829 1.9964 12.2294
      vertex -0.749999 2.30826 11.7634
      vertex -0.620317 1.90914 12.2294
    endloop
  endfacet
  facet normal -0.154888 0.728691 0.667098
    outer loop
      vertex -0.253695 2.41375 11.7634
      vertex -0.749999 2.30826 11.7634
      vertex -0.209829 1.9964 12.2294
    endloop
  endfacet
  facet normal 0.438382 0.394718 0.807477
    outer loop
      vertex 1.62401 1.17991 12.2294
      vertex 1.49816 1.10634 12.3337
      vertex 1.50788 1.09554 12.3337
    endloop
  endfacet
  facet normal 0.438381 0.394721 0.807476
    outer loop
      vertex 1.49816 1.10634 12.3337
      vertex 1.62401 1.17991 12.2294
      vertex 1.44852 1.16147 12.3337
    endloop
  endfacet
  facet normal 0.510867 0.294949 0.807477
    outer loop
      vertex 1.62401 1.17991 12.2294
      vertex 1.65835 0.834925 12.3337
      vertex 1.83384 0.81648 12.2294
    endloop
  endfacet
  facet normal 0.510868 0.294949 0.807477
    outer loop
      vertex 1.62401 1.17991 12.2294
      vertex 1.51515 1.08295 12.3337
      vertex 1.65835 0.834925 12.3337
    endloop
  endfacet
  facet normal 0.510868 0.29495 0.807477
    outer loop
      vertex 1.51515 1.08295 12.3337
      vertex 1.62401 1.17991 12.2294
      vertex 1.50788 1.09554 12.3337
    endloop
  endfacet
  facet normal -0.861333 0.49729 0.103962
    outer loop
      vertex -2.42705 1.76336 10
      vertex -2.74064 1.22021 10
      vertex -2.37401 1.72482 10.6237
    endloop
  endfacet
  facet normal -0.861333 0.49729 0.103962
    outer loop
      vertex -2.37401 1.72482 10.6237
      vertex -2.74064 1.22021 10
      vertex -2.68075 1.19355 10.6237
    endloop
  endfacet
  facet normal 0 0.994581 0.103962
    outer loop
      vertex 0.313585 2.98357 10
      vertex -0.306732 2.91837 10.6237
      vertex 0.306732 2.91837 10.6237
    endloop
  endfacet
  facet normal 0 0.994581 0.103962
    outer loop
      vertex -0.306732 2.91837 10.6237
      vertex 0.313585 2.98357 10
      vertex -0.313585 2.98357 10
    endloop
  endfacet
  facet normal -0.19784 0.930759 0.307484
    outer loop
      vertex -0.306732 2.91837 10.6237
      vertex -0.906793 2.79082 10.6237
      vertex -0.846903 2.6065 11.2202
    endloop
  endfacet
  facet normal 0.154889 0.72869 0.667099
    outer loop
      vertex 0.75 2.30826 11.7634
      vertex 0.209829 1.9964 12.2294
      vertex 0.620317 1.90914 12.2294
    endloop
  endfacet
  facet normal 0 0.74497 0.667098
    outer loop
      vertex 0.253695 2.41375 11.7634
      vertex -0.209829 1.9964 12.2294
      vertex 0.209829 1.9964 12.2294
    endloop
  endfacet
  facet normal 0 0.74497 0.667098
    outer loop
      vertex -0.209829 1.9964 12.2294
      vertex 0.253695 2.41375 11.7634
      vertex -0.253695 2.41375 11.7634
    endloop
  endfacet
  facet normal -0.559308 0.769822 0.307486
    outer loop
      vertex -1.46722 2.5413 10.6237
      vertex -1.83384 2.03669 11.2202
      vertex -1.37032 2.37346 11.2202
    endloop
  endfacet
  facet normal -0.559309 0.769822 0.307485
    outer loop
      vertex -1.46722 2.5413 10.6237
      vertex -1.96352 2.18072 10.6237
      vertex -1.83384 2.03669 11.2202
    endloop
  endfacet
  facet normal -0.239933 0.538899 0.807478
    outer loop
      vertex -1.0037 1.73845 12.2294
      vertex -0.918645 1.62005 12.3337
      vertex -0.850877 1.65022 12.3337
    endloop
  endfacet
  facet normal -0.239933 0.538899 0.807478
    outer loop
      vertex -0.918645 1.62005 12.3337
      vertex -1.0037 1.73845 12.2294
      vertex -0.931923 1.61414 12.3337
    endloop
  endfacet
  facet normal -0.346733 0.477238 0.807478
    outer loop
      vertex -0.931923 1.61414 12.3337
      vertex -1.0037 1.73845 12.2294
      vertex -1.0037 1.56199 12.3337
    endloop
  endfacet
  facet normal -0.437882 0.602693 0.667099
    outer loop
      vertex -1.21352 2.10189 11.7634
      vertex -1.62401 1.80365 11.7634
      vertex -1.0037 1.73845 12.2294
    endloop
  endfacet
  facet normal -0.303006 0.680563 0.667099
    outer loop
      vertex -0.620317 1.90914 12.2294
      vertex -1.21352 2.10189 11.7634
      vertex -1.0037 1.73845 12.2294
    endloop
  endfacet
  facet normal -0.553619 0.498482 0.667099
    outer loop
      vertex -1.62401 1.80365 11.7634
      vertex -1.62401 1.17991 12.2294
      vertex -1.34321 1.49178 12.2294
    endloop
  endfacet
  facet normal -0.438377 0.39472 0.807479
    outer loop
      vertex -1.34321 1.49178 12.2294
      vertex -1.44852 1.16147 12.3337
      vertex -1.24716 1.38511 12.3337
    endloop
  endfacet
  facet normal -0.438381 0.39472 0.807476
    outer loop
      vertex -1.44852 1.16147 12.3337
      vertex -1.34321 1.49178 12.2294
      vertex -1.62401 1.17991 12.2294
    endloop
  endfacet
  facet normal 0.644464 0.580277 0.497941
    outer loop
      vertex 2.21722 1.6109 11.2202
      vertex 1.62401 1.80365 11.7634
      vertex 1.96352 1.42658 11.7634
    endloop
  endfacet
  facet normal 0.707141 0.636713 0.307485
    outer loop
      vertex 2.37401 1.72482 10.6237
      vertex 1.83384 2.03669 11.2202
      vertex 2.21722 1.6109 11.2202
    endloop
  endfacet
  facet normal -0.5846 0.804633 0.103961
    outer loop
      vertex -1.5 2.59808 10
      vertex -2.00739 2.22943 10
      vertex -1.46722 2.5413 10.6237
    endloop
  endfacet
  facet normal -0.404533 0.908595 0.103962
    outer loop
      vertex -0.927051 2.85317 10
      vertex -1.5 2.59808 10
      vertex -1.46722 2.5413 10.6237
    endloop
  endfacet
  facet normal 0.180303 -0.84826 0.497942
    outer loop
      vertex 0.749999 -2.30826 11.7634
      vertex 0.253695 -2.41375 11.7634
      vertex 0.846903 -2.6065 11.2202
    endloop
  endfacet
  facet normal 0.239933 -0.538899 0.807477
    outer loop
      vertex 0.589238 -1.76671 12.3337
      vertex 0.620317 -1.90914 12.2294
      vertex 0.657006 -1.73654 12.3337
    endloop
  endfacet
  facet normal 0.239931 -0.5389 0.807478
    outer loop
      vertex 0.620317 -1.90914 12.2294
      vertex 0.589238 -1.76671 12.3337
      vertex 0.57596 -1.77262 12.3337
    endloop
  endfacet
  facet normal 0.510867 -0.294949 0.807478
    outer loop
      vertex 1.70271 -0.758094 12.3337
      vertex 1.65835 -0.834925 12.3337
      vertex 1.83384 -0.81648 12.2294
    endloop
  endfacet
  facet normal 0.206785 -0.972847 0.103962
    outer loop
      vertex 0.927051 -2.85317 10
      vertex 0.306732 -2.91837 10.6237
      vertex 0.313585 -2.98357 10
    endloop
  endfacet
  facet normal 0.154889 -0.72869 0.667099
    outer loop
      vertex 0.620317 -1.90914 12.2294
      vertex 0.209829 -1.9964 12.2294
      vertex 0.749999 -2.30826 11.7634
    endloop
  endfacet
  facet normal 0.446859 -0.446859 0.775006
    outer loop
      vertex 0.575959 -1.77262 12.3337
      vertex 0.620317 -1.90914 12.2294
      vertex 0.57596 -1.77262 12.3337
    endloop
  endfacet
  facet normal 0.122647 -0.577008 0.807477
    outer loop
      vertex 0.281602 -1.83519 12.3337
      vertex 0.620317 -1.90914 12.2294
      vertex 0.575959 -1.77262 12.3337
    endloop
  endfacet
  facet normal 0.122648 -0.577007 0.807478
    outer loop
      vertex 0.620317 -1.90914 12.2294
      vertex 0.281602 -1.83519 12.3337
      vertex 0.209829 -1.9964 12.2294
    endloop
  endfacet
  facet normal -0.94634 0.099465 0.307485
    outer loop
      vertex -2.68075 0.56981 11.2202
      vertex -2.93444 0 10.6237
      vertex -2.74064 0 11.2202
    endloop
  endfacet
  facet normal -0.904981 0.294046 0.307484
    outer loop
      vertex -2.68075 1.19355 10.6237
      vertex -2.87032 0.610105 10.6237
      vertex -2.5037 1.11472 11.2202
    endloop
  endfacet
  facet normal -0.510868 -0.29495 0.807477
    outer loop
      vertex -1.51515 -1.08295 12.3337
      vertex -1.62401 -1.17991 12.2294
      vertex -1.50788 -1.09554 12.3337
    endloop
  endfacet
  facet normal -0.510868 -0.294949 0.807477
    outer loop
      vertex -1.65835 -0.834925 12.3337
      vertex -1.62401 -1.17991 12.2294
      vertex -1.51515 -1.08295 12.3337
    endloop
  endfacet
  facet normal -0.510867 -0.294949 0.807477
    outer loop
      vertex -1.62401 -1.17991 12.2294
      vertex -1.65835 -0.834925 12.3337
      vertex -1.83384 -0.81648 12.2294
    endloop
  endfacet
  facet normal -0.645162 -0.372485 0.667099
    outer loop
      vertex -1.83384 -0.81648 12.2294
      vertex -2.21722 -0.98717 11.7634
      vertex -1.62401 -1.17991 12.2294
    endloop
  endfacet
  facet normal -0.509734 -0.701589 0.49794
    outer loop
      vertex -1.21352 -2.10189 11.7634
      vertex -1.83384 -2.03669 11.2202
      vertex -1.37032 -2.37346 11.2202
    endloop
  endfacet
  facet normal -0.559308 -0.769822 0.307486
    outer loop
      vertex -1.37032 -2.37346 11.2202
      vertex -1.83384 -2.03669 11.2202
      vertex -1.46722 -2.5413 10.6237
    endloop
  endfacet
  facet normal 0.645162 0.372485 0.667099
    outer loop
      vertex 1.96352 1.42658 11.7634
      vertex 1.62401 1.17991 12.2294
      vertex 2.21722 0.98717 11.7634
    endloop
  endfacet
  facet normal 0.346732 0.477237 0.807478
    outer loop
      vertex 1.34321 1.49178 12.2294
      vertex 1.2354 1.39365 12.3337
      vertex 1.24716 1.38511 12.3337
    endloop
  endfacet
  facet normal 0.34674 0.47723 0.807479
    outer loop
      vertex 1.2354 1.39365 12.3337
      vertex 1.34321 1.49178 12.2294
      vertex 1.17538 1.43725 12.3337
    endloop
  endfacet
  facet normal 0.509734 0.701589 0.497941
    outer loop
      vertex 1.83384 2.03669 11.2202
      vertex 1.21352 2.10189 11.7634
      vertex 1.62401 1.80365 11.7634
    endloop
  endfacet
  facet normal 0.438381 0.39472 0.807476
    outer loop
      vertex 1.34321 1.49178 12.2294
      vertex 1.44852 1.16147 12.3337
      vertex 1.62401 1.17991 12.2294
    endloop
  endfacet
  facet normal 0.438377 0.39472 0.807479
    outer loop
      vertex 1.34321 1.49178 12.2294
      vertex 1.24716 1.38511 12.3337
      vertex 1.44852 1.16147 12.3337
    endloop
  endfacet
  facet normal -0.739118 0.665505 0.103962
    outer loop
      vertex -2.00739 2.22943 10
      vertex -2.42705 1.76336 10
      vertex -2.37401 1.72482 10.6237
    endloop
  endfacet
  facet normal 0.206785 0.972847 0.103962
    outer loop
      vertex 0.313585 2.98357 10
      vertex 0.306732 2.91837 10.6237
      vertex 0.927051 2.85317 10
    endloop
  endfacet
  facet normal -0.180303 0.84826 0.497942
    outer loop
      vertex -0.286474 2.72562 11.2202
      vertex -0.846903 2.6065 11.2202
      vertex -0.253695 2.41375 11.7634
    endloop
  endfacet
  facet normal 0.584601 0.804633 0.103962
    outer loop
      vertex 1.5 2.59808 10
      vertex 1.46722 2.5413 10.6237
      vertex 1.96352 2.18072 10.6237
    endloop
  endfacet
  facet normal 0.180303 0.84826 0.497942
    outer loop
      vertex 0.286474 2.72562 11.2202
      vertex 0.253695 2.41375 11.7634
      vertex 0.846903 2.6065 11.2202
    endloop
  endfacet
  facet normal -0.122647 0.577006 0.807478
    outer loop
      vertex -0.209829 1.9964 12.2294
      vertex -0.209042 1.85061 12.3337
      vertex -0.194825 1.85364 12.3337
    endloop
  endfacet
  facet normal -0.122647 0.577006 0.807478
    outer loop
      vertex -0.209042 1.85061 12.3337
      vertex -0.209829 1.9964 12.2294
      vertex -0.281602 1.83519 12.3337
    endloop
  endfacet
  facet normal 0.446859 0.446859 0.775006
    outer loop
      vertex 0.620317 1.90914 12.2294
      vertex 0.575959 1.77262 12.3337
      vertex 0.57596 1.77262 12.3337
    endloop
  endfacet
  facet normal 0.122647 0.577008 0.807477
    outer loop
      vertex 0.620317 1.90914 12.2294
      vertex 0.281602 1.83519 12.3337
      vertex 0.575959 1.77262 12.3337
    endloop
  endfacet
  facet normal 0.122648 0.577007 0.807478
    outer loop
      vertex 0.281602 1.83519 12.3337
      vertex 0.620317 1.90914 12.2294
      vertex 0.209829 1.9964 12.2294
    endloop
  endfacet
  facet normal -0.561027 0.182288 0.807477
    outer loop
      vertex -1.7072 0.744271 12.3337
      vertex -1.83384 0.81648 12.2294
      vertex -1.73012 0.67372 12.3337
    endloop
  endfacet
  facet normal -0.561026 0.18229 0.807478
    outer loop
      vertex -1.83384 0.81648 12.2294
      vertex -1.7072 0.744271 12.3337
      vertex -1.70271 0.758094 12.3337
    endloop
  endfacet
  facet normal 0.437882 0.602692 0.667099
    outer loop
      vertex 1.62401 1.80365 11.7634
      vertex 1.0037 1.73845 12.2294
      vertex 1.34321 1.49178 12.2294
    endloop
  endfacet
  facet normal 0.553619 0.498482 0.667099
    outer loop
      vertex 1.62401 1.80365 11.7634
      vertex 1.34321 1.49178 12.2294
      vertex 1.62401 1.17991 12.2294
    endloop
  endfacet
  facet normal 0.404533 0.908595 0.103962
    outer loop
      vertex 1.5 2.59808 10
      vertex 0.927051 2.85317 10
      vertex 1.46722 2.5413 10.6237
    endloop
  endfacet
  facet normal 0.707141 0.636714 0.307485
    outer loop
      vertex 1.96352 2.18072 10.6237
      vertex 1.83384 2.03669 11.2202
      vertex 2.37401 1.72482 10.6237
    endloop
  endfacet
  facet normal -0.438381 -0.394721 0.807476
    outer loop
      vertex -1.49816 -1.10634 12.3337
      vertex -1.62401 -1.17991 12.2294
      vertex -1.44852 -1.16147 12.3337
    endloop
  endfacet
  facet normal -0.438382 -0.394718 0.807477
    outer loop
      vertex -1.50788 -1.09554 12.3337
      vertex -1.62401 -1.17991 12.2294
      vertex -1.49816 -1.10634 12.3337
    endloop
  endfacet
  facet normal -0.437882 -0.602693 0.667099
    outer loop
      vertex -1.0037 -1.73845 12.2294
      vertex -1.62401 -1.80365 11.7634
      vertex -1.21352 -2.10189 11.7634
    endloop
  endfacet
  facet normal -0.303006 -0.680563 0.667099
    outer loop
      vertex -1.0037 -1.73845 12.2294
      vertex -1.21352 -2.10189 11.7634
      vertex -0.75 -2.30826 11.7634
    endloop
  endfacet
  facet normal -0.824767 0.267983 0.497941
    outer loop
      vertex -2.5037 1.11472 11.2202
      vertex -2.68075 0.56981 11.2202
      vertex -2.37401 0.504612 11.7634
    endloop
  endfacet
  facet normal -0.904981 0.294046 0.307485
    outer loop
      vertex -2.5037 1.11472 11.2202
      vertex -2.87032 0.610105 10.6237
      vertex -2.68075 0.56981 11.2202
    endloop
  endfacet
  facet normal 0.154888 0.728691 0.667098
    outer loop
      vertex 0.253695 2.41375 11.7634
      vertex 0.209829 1.9964 12.2294
      vertex 0.75 2.30826 11.7634
    endloop
  endfacet
  facet normal -0.206785 0.972847 0.103962
    outer loop
      vertex -0.313585 2.98357 10
      vertex -0.927051 2.85317 10
      vertex -0.306732 2.91837 10.6237
    endloop
  endfacet
  facet normal 0.197839 0.930759 0.307485
    outer loop
      vertex 0.306732 2.91837 10.6237
      vertex 0.286474 2.72562 11.2202
      vertex 0.846903 2.6065 11.2202
    endloop
  endfacet
  facet normal 0.387031 0.869287 0.307484
    outer loop
      vertex 0.906793 2.79082 10.6237
      vertex 0.846903 2.6065 11.2202
      vertex 1.46722 2.5413 10.6237
    endloop
  endfacet
  facet normal 0.404532 0.908595 0.103963
    outer loop
      vertex 0.927051 2.85317 10
      vertex 0.906793 2.79082 10.6237
      vertex 1.46722 2.5413 10.6237
    endloop
  endfacet
  facet normal -0.239933 0.538899 0.807478
    outer loop
      vertex -0.620317 1.90914 12.2294
      vertex -0.850877 1.65022 12.3337
      vertex -0.57596 1.77262 12.3337
    endloop
  endfacet
  facet normal -0.239933 0.538899 0.807478
    outer loop
      vertex -0.850877 1.65022 12.3337
      vertex -0.620317 1.90914 12.2294
      vertex -1.0037 1.73845 12.2294
    endloop
  endfacet
  facet normal -0.122648 0.577007 0.807478
    outer loop
      vertex -0.620317 1.90914 12.2294
      vertex -0.281602 1.83519 12.3337
      vertex -0.209829 1.9964 12.2294
    endloop
  endfacet
  facet normal -0.446859 0.446859 0.775006
    outer loop
      vertex -0.575959 1.77262 12.3337
      vertex -0.620317 1.90914 12.2294
      vertex -0.57596 1.77262 12.3337
    endloop
  endfacet
  facet normal -0.122647 0.577008 0.807477
    outer loop
      vertex -0.281602 1.83519 12.3337
      vertex -0.620317 1.90914 12.2294
      vertex -0.575959 1.77262 12.3337
    endloop
  endfacet
  facet normal 0.584601 0.804633 0.103962
    outer loop
      vertex 2.00739 2.22943 10
      vertex 1.5 2.59808 10
      vertex 1.96352 2.18072 10.6237
    endloop
  endfacet
  facet normal -0.239931 -0.5389 0.807478
    outer loop
      vertex -0.589238 -1.76671 12.3337
      vertex -0.620317 -1.90914 12.2294
      vertex -0.57596 -1.77262 12.3337
    endloop
  endfacet
  facet normal -0.239933 -0.538899 0.807477
    outer loop
      vertex -0.620317 -1.90914 12.2294
      vertex -0.589238 -1.76671 12.3337
      vertex -0.657006 -1.73654 12.3337
    endloop
  endfacet
  facet normal -0.239933 -0.538899 0.807478
    outer loop
      vertex -1.0037 -1.73845 12.2294
      vertex -0.657006 -1.73654 12.3337
      vertex -0.931923 -1.61414 12.3337
    endloop
  endfacet
  facet normal -0.239933 -0.538899 0.807478
    outer loop
      vertex -0.657006 -1.73654 12.3337
      vertex -1.0037 -1.73845 12.2294
      vertex -0.620317 -1.90914 12.2294
    endloop
  endfacet
  facet normal 0 0.589897 0.807478
    outer loop
      vertex 0.209829 1.9964 12.2294
      vertex -0.194825 1.85364 12.3337
      vertex 0.194825 1.85364 12.3337
    endloop
  endfacet
  facet normal -0 0.589897 0.807478
    outer loop
      vertex -0.209829 1.9964 12.2294
      vertex -0.194825 1.85364 12.3337
      vertex 0.209829 1.9964 12.2294
    endloop
  endfacet
  facet normal 0.122647 0.577006 0.807478
    outer loop
      vertex 0.209829 1.9964 12.2294
      vertex 0.209042 1.85061 12.3337
      vertex 0.281602 1.83519 12.3337
    endloop
  endfacet
  facet normal 0.122647 0.577006 0.807478
    outer loop
      vertex 0.209042 1.85061 12.3337
      vertex 0.209829 1.9964 12.2294
      vertex 0.194825 1.85364 12.3337
    endloop
  endfacet
  facet normal 0.206786 0.972847 0.103963
    outer loop
      vertex 0.927051 2.85317 10
      vertex 0.306732 2.91837 10.6237
      vertex 0.906793 2.79082 10.6237
    endloop
  endfacet
  facet normal 0.19784 0.930759 0.307484
    outer loop
      vertex 0.906793 2.79082 10.6237
      vertex 0.306732 2.91837 10.6237
      vertex 0.846903 2.6065 11.2202
    endloop
  endfacet
  facet normal 0.988799 0.103928 0.10712
    outer loop
      vertex 1.25 0 18
      vertex 1.85457 0.0882296 12.3337
      vertex 1.82464 0.37306 12.3337
    endloop
  endfacet
  facet normal 0.988799 0.103929 0.10712
    outer loop
      vertex 1.85457 0.0882296 12.3337
      vertex 1.25 0 18
      vertex 1.86385 0 12.3337
    endloop
  endfacet
  facet normal 0.945585 0.307238 0.10712
    outer loop
      vertex 1.22268 0.25989 18
      vertex 1.73012 0.67372 12.3337
      vertex 1.7072 0.744271 12.3337
    endloop
  endfacet
  facet normal 0.945585 0.307238 0.10712
    outer loop
      vertex 1.73012 0.67372 12.3337
      vertex 1.22268 0.25989 18
      vertex 1.82312 0.387515 12.3337
    endloop
  endfacet
  facet normal 0 0.994246 0.10712
    outer loop
      vertex 0.194825 1.85364 12.3337
      vertex -0.13066 1.24315 18
      vertex 0.13066 1.24315 18
    endloop
  endfacet
  facet normal 0 0.994246 0.10712
    outer loop
      vertex -0.13066 1.24315 18
      vertex 0.194825 1.85364 12.3337
      vertex -0.194825 1.85364 12.3337
    endloop
  endfacet
  facet normal 0.738868 0.665281 0.10712
    outer loop
      vertex 1.44852 1.16147 12.3337
      vertex 0.836412 0.92893 18
      vertex 1.49816 1.10634 12.3337
    endloop
  endfacet
  facet normal 0.738869 0.665281 0.10712
    outer loop
      vertex 0.836412 0.92893 18
      vertex 1.44852 1.16147 12.3337
      vertex 1.24716 1.38511 12.3337
    endloop
  endfacet
  facet normal 0.861043 -0.497122 0.10712
    outer loop
      vertex 1.14193 -0.50842 18
      vertex 1.65835 -0.834925 12.3337
      vertex 1.70271 -0.758094 12.3337
    endloop
  endfacet
  facet normal 0.861043 -0.497122 0.10712
    outer loop
      vertex 1.65835 -0.834925 12.3337
      vertex 1.14193 -0.50842 18
      vertex 1.51515 -1.08295 12.3337
    endloop
  endfacet
  facet normal -0.861043 0.497122 0.10712
    outer loop
      vertex -1.14193 0.50842 18
      vertex -1.65835 0.834925 12.3337
      vertex -1.70271 0.758094 12.3337
    endloop
  endfacet
  facet normal -0.861043 0.497122 0.10712
    outer loop
      vertex -1.65835 0.834925 12.3337
      vertex -1.14193 0.50842 18
      vertex -1.51515 1.08295 12.3337
    endloop
  endfacet
  facet normal -0.703835 0.703835 0.0960792
    outer loop
      vertex -0.57596 1.77262 12.3337
      vertex -0.386271 1.18882 18
      vertex -0.575959 1.77262 12.3337
    endloop
  endfacet
  facet normal -0.404396 0.908289 0.10712
    outer loop
      vertex -0.850877 1.65022 12.3337
      vertex -0.386271 1.18882 18
      vertex -0.57596 1.77262 12.3337
    endloop
  endfacet
  facet normal -0.404396 0.908289 0.10712
    outer loop
      vertex -0.386271 1.18882 18
      vertex -0.850877 1.65022 12.3337
      vertex -0.918645 1.62005 12.3337
    endloop
  endfacet
  facet normal -0.738871 0.665278 0.10712
    outer loop
      vertex -1.50788 1.09554 12.3337
      vertex -0.836412 0.92893 18
      vertex -1.49816 1.10634 12.3337
    endloop
  endfacet
  facet normal -0.738869 0.665281 0.10712
    outer loop
      vertex -0.836412 0.92893 18
      vertex -1.50788 1.09554 12.3337
      vertex -1.01127 0.734731 18
    endloop
  endfacet
  facet normal -0.988799 0.103929 0.10712
    outer loop
      vertex -1.25 0 18
      vertex -1.85457 0.0882296 12.3337
      vertex -1.86385 0 12.3337
    endloop
  endfacet
  facet normal -0.988799 0.103928 0.10712
    outer loop
      vertex -1.85457 0.0882296 12.3337
      vertex -1.25 0 18
      vertex -1.82464 0.37306 12.3337
    endloop
  endfacet
  facet normal 0.738868 -0.665281 0.10712
    outer loop
      vertex 0.836412 -0.92893 18
      vertex 1.44852 -1.16147 12.3337
      vertex 1.49816 -1.10634 12.3337
    endloop
  endfacet
  facet normal 0.738869 -0.665281 0.10712
    outer loop
      vertex 1.44852 -1.16147 12.3337
      vertex 0.836412 -0.92893 18
      vertex 1.24716 -1.38511 12.3337
    endloop
  endfacet
  facet normal 0.206716 0.972519 0.10712
    outer loop
      vertex 0.209042 1.85061 12.3337
      vertex 0.13066 1.24315 18
      vertex 0.386271 1.18882 18
    endloop
  endfacet
  facet normal 0.206717 0.972519 0.10712
    outer loop
      vertex 0.194825 1.85364 12.3337
      vertex 0.13066 1.24315 18
      vertex 0.209042 1.85061 12.3337
    endloop
  endfacet
  facet normal 0.584404 0.804362 0.10712
    outer loop
      vertex 0.625 1.08253 18
      vertex 1.2354 1.39365 12.3337
      vertex 1.17538 1.43725 12.3337
    endloop
  endfacet
  facet normal 0.584403 0.804362 0.10712
    outer loop
      vertex 0.625 1.08253 18
      vertex 1.17538 1.43725 12.3337
      vertex 0.931923 1.61414 12.3337
    endloop
  endfacet
  facet normal 0.861043 0.497122 0.10712
    outer loop
      vertex 1.14193 0.50842 18
      vertex 1.65835 0.834925 12.3337
      vertex 1.51515 1.08295 12.3337
    endloop
  endfacet
  facet normal 0.861043 0.497122 0.10712
    outer loop
      vertex 1.65835 0.834925 12.3337
      vertex 1.14193 0.50842 18
      vertex 1.70271 0.758094 12.3337
    endloop
  endfacet
  facet normal 0.738871 0.665278 0.10712
    outer loop
      vertex 0.836412 0.92893 18
      vertex 1.50788 1.09554 12.3337
      vertex 1.49816 1.10634 12.3337
    endloop
  endfacet
  facet normal 0.738869 0.665281 0.10712
    outer loop
      vertex 1.50788 1.09554 12.3337
      vertex 0.836412 0.92893 18
      vertex 1.01127 0.734731 18
    endloop
  endfacet
  facet normal 0.738869 -0.665281 0.10712
    outer loop
      vertex 0.836412 -0.92893 18
      vertex 1.50788 -1.09554 12.3337
      vertex 1.01127 -0.734731 18
    endloop
  endfacet
  facet normal 0.738871 -0.665278 0.10712
    outer loop
      vertex 1.50788 -1.09554 12.3337
      vertex 0.836412 -0.92893 18
      vertex 1.49816 -1.10634 12.3337
    endloop
  endfacet
  facet normal 0.988799 -0.103929 0.10712
    outer loop
      vertex 1.25 0 18
      vertex 1.85457 -0.0882296 12.3337
      vertex 1.86385 0 12.3337
    endloop
  endfacet
  facet normal 0.988799 -0.103928 0.10712
    outer loop
      vertex 1.85457 -0.0882296 12.3337
      vertex 1.25 0 18
      vertex 1.82464 -0.37306 12.3337
    endloop
  endfacet
  facet normal -0.738869 0.665281 0.10712
    outer loop
      vertex -1.44852 1.16147 12.3337
      vertex -0.836412 0.92893 18
      vertex -1.24716 1.38511 12.3337
    endloop
  endfacet
  facet normal -0.738868 0.665281 0.10712
    outer loop
      vertex -0.836412 0.92893 18
      vertex -1.44852 1.16147 12.3337
      vertex -1.49816 1.10634 12.3337
    endloop
  endfacet
  facet normal -0.945585 0.307238 0.10712
    outer loop
      vertex -1.22268 0.25989 18
      vertex -1.73012 0.67372 12.3337
      vertex -1.82312 0.387515 12.3337
    endloop
  endfacet
  facet normal -0.945585 0.307238 0.10712
    outer loop
      vertex -1.73012 0.67372 12.3337
      vertex -1.22268 0.25989 18
      vertex -1.7072 0.744271 12.3337
    endloop
  endfacet
  facet normal -0.988799 0.103927 0.10712
    outer loop
      vertex -1.82464 0.37306 12.3337
      vertex -1.22268 0.25989 18
      vertex -1.82312 0.387515 12.3337
    endloop
  endfacet
  facet normal -0.988799 0.103929 0.10712
    outer loop
      vertex -1.22268 0.25989 18
      vertex -1.82464 0.37306 12.3337
      vertex -1.25 0 18
    endloop
  endfacet
  facet normal -0.738868 -0.665281 0.10712
    outer loop
      vertex -1.44852 -1.16147 12.3337
      vertex -0.836412 -0.92893 18
      vertex -1.49816 -1.10634 12.3337
    endloop
  endfacet
  facet normal -0.738869 -0.665281 0.10712
    outer loop
      vertex -0.836412 -0.92893 18
      vertex -1.44852 -1.16147 12.3337
      vertex -1.24716 -1.38511 12.3337
    endloop
  endfacet
  facet normal -0.861043 -0.497122 0.10712
    outer loop
      vertex -1.65835 -0.834925 12.3337
      vertex -1.14193 -0.50842 18
      vertex -1.70271 -0.758094 12.3337
    endloop
  endfacet
  facet normal -0.861043 -0.497122 0.10712
    outer loop
      vertex -1.14193 -0.50842 18
      vertex -1.65835 -0.834925 12.3337
      vertex -1.51515 -1.08295 12.3337
    endloop
  endfacet
  facet normal -0.206716 -0.972519 0.10712
    outer loop
      vertex -0.209042 -1.85061 12.3337
      vertex -0.13066 -1.24315 18
      vertex -0.386271 -1.18882 18
    endloop
  endfacet
  facet normal -0.206717 -0.972519 0.10712
    outer loop
      vertex -0.194825 -1.85364 12.3337
      vertex -0.13066 -1.24315 18
      vertex -0.209042 -1.85061 12.3337
    endloop
  endfacet
  facet normal 0.206716 -0.972519 0.10712
    outer loop
      vertex 0.281602 -1.83519 12.3337
      vertex 0.386271 -1.18882 18
      vertex 0.209042 -1.85061 12.3337
    endloop
  endfacet
  facet normal 0.206716 -0.972519 0.10712
    outer loop
      vertex 0.386271 -1.18882 18
      vertex 0.281602 -1.83519 12.3337
      vertex 0.575959 -1.77262 12.3337
    endloop
  endfacet
  facet normal 0.206716 0.972519 0.10712
    outer loop
      vertex 0.281602 1.83519 12.3337
      vertex 0.386271 1.18882 18
      vertex 0.575959 1.77262 12.3337
    endloop
  endfacet
  facet normal 0.206716 0.972519 0.10712
    outer loop
      vertex 0.386271 1.18882 18
      vertex 0.281602 1.83519 12.3337
      vertex 0.209042 1.85061 12.3337
    endloop
  endfacet
  facet normal 0.404396 0.908289 0.10712
    outer loop
      vertex 0.657006 1.73654 12.3337
      vertex 0.625 1.08253 18
      vertex 0.931923 1.61414 12.3337
    endloop
  endfacet
  facet normal 0.404396 0.908289 0.10712
    outer loop
      vertex 0.625 1.08253 18
      vertex 0.657006 1.73654 12.3337
      vertex 0.589238 1.76671 12.3337
    endloop
  endfacet
  facet normal 0.404393 0.90829 0.10712
    outer loop
      vertex 0.57596 1.77262 12.3337
      vertex 0.625 1.08253 18
      vertex 0.589238 1.76671 12.3337
    endloop
  endfacet
  facet normal 0.704855 0.704855 0.0797434
    outer loop
      vertex 0.575959 1.77262 12.3337
      vertex 0.625 1.08253 18
      vertex 0.57596 1.77262 12.3337
    endloop
  endfacet
  facet normal 0.404395 0.908289 0.10712
    outer loop
      vertex 0.625 1.08253 18
      vertex 0.575959 1.77262 12.3337
      vertex 0.386271 1.18882 18
    endloop
  endfacet
  facet normal -0.206716 0.972519 0.10712
    outer loop
      vertex -0.281602 1.83519 12.3337
      vertex -0.386271 1.18882 18
      vertex -0.209042 1.85061 12.3337
    endloop
  endfacet
  facet normal -0.206716 0.972519 0.10712
    outer loop
      vertex -0.386271 1.18882 18
      vertex -0.281602 1.83519 12.3337
      vertex -0.575959 1.77262 12.3337
    endloop
  endfacet
  facet normal -0.404397 0.908289 0.10712
    outer loop
      vertex -0.918645 1.62005 12.3337
      vertex -0.624999 1.08253 18
      vertex -0.386271 1.18882 18
    endloop
  endfacet
  facet normal -0.404395 0.908289 0.10712
    outer loop
      vertex -0.931923 1.61414 12.3337
      vertex -0.624999 1.08253 18
      vertex -0.918645 1.62005 12.3337
    endloop
  endfacet
  facet normal -0.584403 0.804362 0.10712
    outer loop
      vertex -1.0037 1.56199 12.3337
      vertex -0.624999 1.08253 18
      vertex -0.931923 1.61414 12.3337
    endloop
  endfacet
  facet normal -0.584403 0.804362 0.10712
    outer loop
      vertex -0.624999 1.08253 18
      vertex -1.0037 1.56199 12.3337
      vertex -1.2354 1.39365 12.3337
    endloop
  endfacet
  facet normal -0.584403 0.804362 0.10712
    outer loop
      vertex -1.2354 1.39365 12.3337
      vertex -0.836412 0.92893 18
      vertex -0.624999 1.08253 18
    endloop
  endfacet
  facet normal -0.584398 0.804365 0.10712
    outer loop
      vertex -1.24716 1.38511 12.3337
      vertex -0.836412 0.92893 18
      vertex -1.2354 1.39365 12.3337
    endloop
  endfacet
  facet normal 0.945583 0.307241 0.10712
    outer loop
      vertex 1.14193 0.50842 18
      vertex 1.7072 0.744271 12.3337
      vertex 1.70271 0.758094 12.3337
    endloop
  endfacet
  facet normal 0.945584 0.307239 0.10712
    outer loop
      vertex 1.7072 0.744271 12.3337
      vertex 1.14193 0.50842 18
      vertex 1.22268 0.25989 18
    endloop
  endfacet
  facet normal 0.861042 -0.497124 0.10712
    outer loop
      vertex 1.01127 -0.734731 18
      vertex 1.51515 -1.08295 12.3337
      vertex 1.14193 -0.50842 18
    endloop
  endfacet
  facet normal 0.861042 -0.497123 0.10712
    outer loop
      vertex 1.01127 -0.734731 18
      vertex 1.50788 -1.09554 12.3337
      vertex 1.51515 -1.08295 12.3337
    endloop
  endfacet
  facet normal -0.861041 0.497126 0.10712
    outer loop
      vertex -1.51515 1.08295 12.3337
      vertex -1.01127 0.734731 18
      vertex -1.50788 1.09554 12.3337
    endloop
  endfacet
  facet normal -0.861042 0.497124 0.10712
    outer loop
      vertex -1.01127 0.734731 18
      vertex -1.51515 1.08295 12.3337
      vertex -1.14193 0.50842 18
    endloop
  endfacet
  facet normal -0.945583 0.307241 0.10712
    outer loop
      vertex -1.7072 0.744271 12.3337
      vertex -1.14193 0.50842 18
      vertex -1.70271 0.758094 12.3337
    endloop
  endfacet
  facet normal -0.945584 0.307239 0.10712
    outer loop
      vertex -1.14193 0.50842 18
      vertex -1.7072 0.744271 12.3337
      vertex -1.22268 0.25989 18
    endloop
  endfacet
  facet normal -0.584402 -0.804363 0.10712
    outer loop
      vertex -1.2354 -1.39365 12.3337
      vertex -0.836412 -0.92893 18
      vertex -1.24716 -1.38511 12.3337
    endloop
  endfacet
  facet normal -0.584405 -0.804361 0.10712
    outer loop
      vertex -0.836412 -0.92893 18
      vertex -1.2354 -1.39365 12.3337
      vertex -0.625 -1.08253 18
    endloop
  endfacet
  facet normal -0.988799 -0.103929 0.10712
    outer loop
      vertex -1.82464 -0.37306 12.3337
      vertex -1.22268 -0.25989 18
      vertex -1.25 0 18
    endloop
  endfacet
  facet normal -0.988799 -0.103932 0.10712
    outer loop
      vertex -1.82312 -0.387515 12.3337
      vertex -1.22268 -0.25989 18
      vertex -1.82464 -0.37306 12.3337
    endloop
  endfacet
  facet normal -0.861042 -0.497124 0.10712
    outer loop
      vertex -1.51515 -1.08295 12.3337
      vertex -1.01127 -0.734731 18
      vertex -1.14193 -0.50842 18
    endloop
  endfacet
  facet normal -0.861042 -0.497123 0.10712
    outer loop
      vertex -1.50788 -1.09554 12.3337
      vertex -1.01127 -0.734731 18
      vertex -1.51515 -1.08295 12.3337
    endloop
  endfacet
  facet normal -0.738869 -0.665281 0.10712
    outer loop
      vertex -1.50788 -1.09554 12.3337
      vertex -0.836412 -0.92893 18
      vertex -1.01127 -0.734731 18
    endloop
  endfacet
  facet normal -0.738871 -0.665278 0.10712
    outer loop
      vertex -0.836412 -0.92893 18
      vertex -1.50788 -1.09554 12.3337
      vertex -1.49816 -1.10634 12.3337
    endloop
  endfacet
  facet normal 0 -0.994246 0.10712
    outer loop
      vertex -0.194825 -1.85364 12.3337
      vertex 0.13066 -1.24315 18
      vertex -0.13066 -1.24315 18
    endloop
  endfacet
  facet normal 0 -0.994246 0.10712
    outer loop
      vertex 0.13066 -1.24315 18
      vertex -0.194825 -1.85364 12.3337
      vertex 0.194825 -1.85364 12.3337
    endloop
  endfacet
  facet normal -0.584404 -0.804362 0.10712
    outer loop
      vertex -0.625 -1.08253 18
      vertex -1.2354 -1.39365 12.3337
      vertex -1.17538 -1.43725 12.3337
    endloop
  endfacet
  facet normal -0.584403 -0.804362 0.10712
    outer loop
      vertex -0.625 -1.08253 18
      vertex -1.17538 -1.43725 12.3337
      vertex -0.931923 -1.61414 12.3337
    endloop
  endfacet
  facet normal 0.404395 -0.908289 0.10712
    outer loop
      vertex 0.575959 -1.77262 12.3337
      vertex 0.625 -1.08253 18
      vertex 0.386271 -1.18882 18
    endloop
  endfacet
  facet normal 0.704855 -0.704855 0.0797434
    outer loop
      vertex 0.57596 -1.77262 12.3337
      vertex 0.625 -1.08253 18
      vertex 0.575959 -1.77262 12.3337
    endloop
  endfacet
  facet normal 0.404393 -0.90829 0.10712
    outer loop
      vertex 0.625 -1.08253 18
      vertex 0.57596 -1.77262 12.3337
      vertex 0.589238 -1.76671 12.3337
    endloop
  endfacet
  facet normal 0.584402 0.804363 0.10712
    outer loop
      vertex 1.2354 1.39365 12.3337
      vertex 0.836412 0.92893 18
      vertex 1.24716 1.38511 12.3337
    endloop
  endfacet
  facet normal 0.584405 0.804361 0.10712
    outer loop
      vertex 0.836412 0.92893 18
      vertex 1.2354 1.39365 12.3337
      vertex 0.625 1.08253 18
    endloop
  endfacet
  facet normal -0.206717 0.972519 0.10712
    outer loop
      vertex -0.209042 1.85061 12.3337
      vertex -0.13066 1.24315 18
      vertex -0.194825 1.85364 12.3337
    endloop
  endfacet
  facet normal -0.206716 0.972519 0.10712
    outer loop
      vertex -0.13066 1.24315 18
      vertex -0.209042 1.85061 12.3337
      vertex -0.386271 1.18882 18
    endloop
  endfacet
  facet normal 0.988799 0.103927 0.10712
    outer loop
      vertex 1.22268 0.25989 18
      vertex 1.82464 0.37306 12.3337
      vertex 1.82312 0.387515 12.3337
    endloop
  endfacet
  facet normal 0.988799 0.103929 0.10712
    outer loop
      vertex 1.82464 0.37306 12.3337
      vertex 1.22268 0.25989 18
      vertex 1.25 0 18
    endloop
  endfacet
  facet normal 0.861041 0.497126 0.10712
    outer loop
      vertex 1.01127 0.734731 18
      vertex 1.51515 1.08295 12.3337
      vertex 1.50788 1.09554 12.3337
    endloop
  endfacet
  facet normal 0.861042 0.497124 0.10712
    outer loop
      vertex 1.51515 1.08295 12.3337
      vertex 1.01127 0.734731 18
      vertex 1.14193 0.50842 18
    endloop
  endfacet
  facet normal 0.404396 -0.908289 0.10712
    outer loop
      vertex 0.657006 -1.73654 12.3337
      vertex 0.625 -1.08253 18
      vertex 0.589238 -1.76671 12.3337
    endloop
  endfacet
  facet normal 0.404396 -0.908289 0.10712
    outer loop
      vertex 0.931923 -1.61414 12.3337
      vertex 0.625 -1.08253 18
      vertex 0.657006 -1.73654 12.3337
    endloop
  endfacet
  facet normal 0.584403 -0.804362 0.10712
    outer loop
      vertex 1.17538 -1.43725 12.3337
      vertex 0.625 -1.08253 18
      vertex 0.931923 -1.61414 12.3337
    endloop
  endfacet
  facet normal 0.584404 -0.804362 0.10712
    outer loop
      vertex 0.625 -1.08253 18
      vertex 1.17538 -1.43725 12.3337
      vertex 1.2354 -1.39365 12.3337
    endloop
  endfacet
  facet normal 0.945584 -0.307239 0.10712
    outer loop
      vertex 1.14193 -0.50842 18
      vertex 1.7072 -0.744271 12.3337
      vertex 1.22268 -0.25989 18
    endloop
  endfacet
  facet normal 0.945583 -0.307241 0.10712
    outer loop
      vertex 1.7072 -0.744271 12.3337
      vertex 1.14193 -0.50842 18
      vertex 1.70271 -0.758094 12.3337
    endloop
  endfacet
  facet normal -0.945585 -0.307238 0.10712
    outer loop
      vertex -1.73012 -0.67372 12.3337
      vertex -1.22268 -0.25989 18
      vertex -1.82312 -0.387515 12.3337
    endloop
  endfacet
  facet normal -0.945585 -0.307238 0.10712
    outer loop
      vertex -1.22268 -0.25989 18
      vertex -1.73012 -0.67372 12.3337
      vertex -1.7072 -0.744271 12.3337
    endloop
  endfacet
  facet normal -0.988799 -0.103929 0.10712
    outer loop
      vertex -1.85457 -0.0882296 12.3337
      vertex -1.25 0 18
      vertex -1.86385 0 12.3337
    endloop
  endfacet
  facet normal -0.988799 -0.103928 0.10712
    outer loop
      vertex -1.25 0 18
      vertex -1.85457 -0.0882296 12.3337
      vertex -1.82464 -0.37306 12.3337
    endloop
  endfacet
  facet normal 0.206717 -0.972519 0.10712
    outer loop
      vertex 0.209042 -1.85061 12.3337
      vertex 0.13066 -1.24315 18
      vertex 0.194825 -1.85364 12.3337
    endloop
  endfacet
  facet normal 0.206716 -0.972519 0.10712
    outer loop
      vertex 0.13066 -1.24315 18
      vertex 0.209042 -1.85061 12.3337
      vertex 0.386271 -1.18882 18
    endloop
  endfacet
  facet normal -0.404396 -0.908289 0.10712
    outer loop
      vertex -0.657006 -1.73654 12.3337
      vertex -0.625 -1.08253 18
      vertex -0.931923 -1.61414 12.3337
    endloop
  endfacet
  facet normal -0.404396 -0.908289 0.10712
    outer loop
      vertex -0.625 -1.08253 18
      vertex -0.657006 -1.73654 12.3337
      vertex -0.589238 -1.76671 12.3337
    endloop
  endfacet
  facet normal 0.584405 -0.804361 0.10712
    outer loop
      vertex 1.2354 -1.39365 12.3337
      vertex 0.836412 -0.92893 18
      vertex 0.625 -1.08253 18
    endloop
  endfacet
  facet normal 0.584402 -0.804363 0.10712
    outer loop
      vertex 1.24716 -1.38511 12.3337
      vertex 0.836412 -0.92893 18
      vertex 1.2354 -1.39365 12.3337
    endloop
  endfacet
  facet normal 0.945585 -0.307238 0.10712
    outer loop
      vertex 1.22268 -0.25989 18
      vertex 1.73012 -0.67372 12.3337
      vertex 1.82312 -0.387515 12.3337
    endloop
  endfacet
  facet normal 0.945585 -0.307238 0.10712
    outer loop
      vertex 1.73012 -0.67372 12.3337
      vertex 1.22268 -0.25989 18
      vertex 1.7072 -0.744271 12.3337
    endloop
  endfacet
  facet normal 0.988799 -0.103929 0.10712
    outer loop
      vertex 1.22268 -0.25989 18
      vertex 1.82464 -0.37306 12.3337
      vertex 1.25 0 18
    endloop
  endfacet
  facet normal 0.988799 -0.103932 0.10712
    outer loop
      vertex 1.22268 -0.25989 18
      vertex 1.82312 -0.387515 12.3337
      vertex 1.82464 -0.37306 12.3337
    endloop
  endfacet
  facet normal -0.945584 -0.307239 0.10712
    outer loop
      vertex -1.7072 -0.744271 12.3337
      vertex -1.14193 -0.50842 18
      vertex -1.22268 -0.25989 18
    endloop
  endfacet
  facet normal -0.945583 -0.307241 0.10712
    outer loop
      vertex -1.14193 -0.50842 18
      vertex -1.7072 -0.744271 12.3337
      vertex -1.70271 -0.758094 12.3337
    endloop
  endfacet
  facet normal -0.404393 -0.90829 0.10712
    outer loop
      vertex -0.57596 -1.77262 12.3337
      vertex -0.625 -1.08253 18
      vertex -0.589238 -1.76671 12.3337
    endloop
  endfacet
  facet normal -0.704855 -0.704855 0.0797434
    outer loop
      vertex -0.575959 -1.77262 12.3337
      vertex -0.625 -1.08253 18
      vertex -0.57596 -1.77262 12.3337
    endloop
  endfacet
  facet normal -0.404395 -0.908289 0.10712
    outer loop
      vertex -0.625 -1.08253 18
      vertex -0.575959 -1.77262 12.3337
      vertex -0.386271 -1.18882 18
    endloop
  endfacet
  facet normal -0.206716 -0.972519 0.10712
    outer loop
      vertex -0.281602 -1.83519 12.3337
      vertex -0.386271 -1.18882 18
      vertex -0.575959 -1.77262 12.3337
    endloop
  endfacet
  facet normal -0.206716 -0.972519 0.10712
    outer loop
      vertex -0.386271 -1.18882 18
      vertex -0.281602 -1.83519 12.3337
      vertex -0.209042 -1.85061 12.3337
    endloop
  endfacet
  facet normal 0.890501 0.093596 -0.44525
    outer loop
      vertex 1.5 0 18.5
      vertex 1.25 0 18
      vertex 1.46722 0.311867 18.5
    endloop
  endfacet
  facet normal 0.8905 0.0935974 -0.445251
    outer loop
      vertex 1.25 0 18
      vertex 1.22268 0.25989 18
      vertex 1.46722 0.311867 18.5
    endloop
  endfacet
  facet normal -0.8905 -0.0935974 -0.445251
    outer loop
      vertex -1.22268 -0.25989 18
      vertex -1.46722 -0.311867 18.5
      vertex -1.25 0 18
    endloop
  endfacet
  facet normal 0.8905 -0.0935974 -0.445251
    outer loop
      vertex 1.46722 -0.311867 18.5
      vertex 1.22268 -0.25989 18
      vertex 1.25 0 18
    endloop
  endfacet
  facet normal 0.890501 -0.093596 -0.44525
    outer loop
      vertex 1.46722 -0.311867 18.5
      vertex 1.25 0 18
      vertex 1.5 0 18.5
    endloop
  endfacet
  facet normal -0.186165 0.875839 -0.445251
    outer loop
      vertex -0.13066 1.24315 18
      vertex -0.463525 1.42658 18.5
      vertex -0.156793 1.49178 18.5
    endloop
  endfacet
  facet normal -0.8905 0.0935974 -0.445251
    outer loop
      vertex -1.25 0 18
      vertex -1.46722 0.311867 18.5
      vertex -1.22268 0.25989 18
    endloop
  endfacet
  facet normal 0.775445 -0.447703 -0.44525
    outer loop
      vertex 1.21352 -0.881678 18.5
      vertex 1.14193 -0.50842 18
      vertex 1.37032 -0.610105 18.5
    endloop
  endfacet
  facet normal 0.851582 -0.276697 -0.44525
    outer loop
      vertex 1.37032 -0.610105 18.5
      vertex 1.14193 -0.50842 18
      vertex 1.46722 -0.311867 18.5
    endloop
  endfacet
  facet normal -0.851582 -0.276697 -0.44525
    outer loop
      vertex -1.37032 -0.610105 18.5
      vertex -1.46722 -0.311867 18.5
      vertex -1.14193 -0.50842 18
    endloop
  endfacet
  facet normal -0.186165 -0.875839 -0.445251
    outer loop
      vertex -0.156793 -1.49178 18.5
      vertex -0.463525 -1.42658 18.5
      vertex -0.13066 -1.24315 18
    endloop
  endfacet
  facet normal 0 -0.895406 -0.445251
    outer loop
      vertex -0.13066 -1.24315 18
      vertex 0.156793 -1.49178 18.5
      vertex -0.156793 -1.49178 18.5
    endloop
  endfacet
  facet normal 0 -0.895406 -0.445251
    outer loop
      vertex 0.156793 -1.49178 18.5
      vertex -0.13066 -1.24315 18
      vertex 0.13066 -1.24315 18
    endloop
  endfacet
  facet normal -0.775445 0.447703 -0.44525
    outer loop
      vertex -1.14193 0.50842 18
      vertex -1.37032 0.610105 18.5
      vertex -1.21352 0.881678 18.5
    endloop
  endfacet
  facet normal 0 0.895406 -0.445251
    outer loop
      vertex 0.13066 1.24315 18
      vertex -0.156793 1.49178 18.5
      vertex 0.156793 1.49178 18.5
    endloop
  endfacet
  facet normal 0 0.895406 -0.445251
    outer loop
      vertex -0.156793 1.49178 18.5
      vertex 0.13066 1.24315 18
      vertex -0.13066 1.24315 18
    endloop
  endfacet
  facet normal 0.665416 -0.599143 -0.445251
    outer loop
      vertex 1.21352 -0.881678 18.5
      vertex 0.836412 -0.92893 18
      vertex 1.01127 -0.734731 18
    endloop
  endfacet
  facet normal 0.526308 -0.724398 -0.445251
    outer loop
      vertex 0.75 -1.29904 18.5
      vertex 0.625 -1.08253 18
      vertex 0.836412 -0.92893 18
    endloop
  endfacet
  facet normal 0.186165 -0.875839 -0.445251
    outer loop
      vertex 0.156793 -1.49178 18.5
      vertex 0.13066 -1.24315 18
      vertex 0.463525 -1.42658 18.5
    endloop
  endfacet
  facet normal 0.526308 -0.724397 -0.445251
    outer loop
      vertex 1.0037 -1.11472 18.5
      vertex 0.75 -1.29904 18.5
      vertex 0.836412 -0.92893 18
    endloop
  endfacet
  facet normal 0.665416 -0.599144 -0.445251
    outer loop
      vertex 1.0037 -1.11472 18.5
      vertex 0.836412 -0.92893 18
      vertex 1.21352 -0.881678 18.5
    endloop
  endfacet
  facet normal -0.775443 -0.447704 -0.445251
    outer loop
      vertex -1.01127 -0.734731 18
      vertex -1.21352 -0.881678 18.5
      vertex -1.14193 -0.50842 18
    endloop
  endfacet
  facet normal -0.526308 -0.724397 -0.445251
    outer loop
      vertex -0.75 -1.29904 18.5
      vertex -1.0037 -1.11472 18.5
      vertex -0.836412 -0.92893 18
    endloop
  endfacet
  facet normal -0.186166 -0.875839 -0.445251
    outer loop
      vertex -0.13066 -1.24315 18
      vertex -0.463525 -1.42658 18.5
      vertex -0.386271 -1.18882 18
    endloop
  endfacet
  facet normal -0.364193 -0.817995 -0.445251
    outer loop
      vertex -0.463525 -1.42658 18.5
      vertex -0.75 -1.29904 18.5
      vertex -0.386271 -1.18882 18
    endloop
  endfacet
  facet normal -0.526307 0.724398 -0.445251
    outer loop
      vertex -0.836412 0.92893 18
      vertex -1.0037 1.11472 18.5
      vertex -0.749999 1.29904 18.5
    endloop
  endfacet
  facet normal -0.665416 0.599144 -0.445251
    outer loop
      vertex -0.836412 0.92893 18
      vertex -1.21352 0.881678 18.5
      vertex -1.0037 1.11472 18.5
    endloop
  endfacet
  facet normal -0.526306 0.724399 -0.445251
    outer loop
      vertex -0.624999 1.08253 18
      vertex -0.836412 0.92893 18
      vertex -0.749999 1.29904 18.5
    endloop
  endfacet
  facet normal -0.364195 0.817994 -0.445251
    outer loop
      vertex -0.624999 1.08253 18
      vertex -0.749999 1.29904 18.5
      vertex -0.386271 1.18882 18
    endloop
  endfacet
  facet normal -0.851582 0.276697 -0.44525
    outer loop
      vertex -1.14193 0.50842 18
      vertex -1.46722 0.311867 18.5
      vertex -1.37032 0.610105 18.5
    endloop
  endfacet
  facet normal -0.890501 0.093596 -0.44525
    outer loop
      vertex -1.25 0 18
      vertex -1.5 0 18.5
      vertex -1.46722 0.311867 18.5
    endloop
  endfacet
  facet normal -0.890501 -0.093596 -0.44525
    outer loop
      vertex -1.46722 -0.311867 18.5
      vertex -1.5 0 18.5
      vertex -1.25 0 18
    endloop
  endfacet
  facet normal 0.186165 0.875839 -0.445251
    outer loop
      vertex 0.463525 1.42658 18.5
      vertex 0.13066 1.24315 18
      vertex 0.156793 1.49178 18.5
    endloop
  endfacet
  facet normal 0.526308 0.724397 -0.445251
    outer loop
      vertex 0.836412 0.92893 18
      vertex 0.75 1.29904 18.5
      vertex 1.0037 1.11472 18.5
    endloop
  endfacet
  facet normal 0.775443 0.447704 -0.445251
    outer loop
      vertex 1.14193 0.50842 18
      vertex 1.01127 0.734731 18
      vertex 1.21352 0.881678 18.5
    endloop
  endfacet
  facet normal 0.665416 0.599144 -0.445251
    outer loop
      vertex 1.21352 0.881678 18.5
      vertex 0.836412 0.92893 18
      vertex 1.0037 1.11472 18.5
    endloop
  endfacet
  facet normal 0.665416 0.599143 -0.445251
    outer loop
      vertex 1.01127 0.734731 18
      vertex 0.836412 0.92893 18
      vertex 1.21352 0.881678 18.5
    endloop
  endfacet
  facet normal 0.775445 0.447703 -0.44525
    outer loop
      vertex 1.37032 0.610105 18.5
      vertex 1.14193 0.50842 18
      vertex 1.21352 0.881678 18.5
    endloop
  endfacet
  facet normal 0.851582 -0.276696 -0.445251
    outer loop
      vertex 1.46722 -0.311867 18.5
      vertex 1.14193 -0.50842 18
      vertex 1.22268 -0.25989 18
    endloop
  endfacet
  facet normal 0.775443 -0.447704 -0.445251
    outer loop
      vertex 1.21352 -0.881678 18.5
      vertex 1.01127 -0.734731 18
      vertex 1.14193 -0.50842 18
    endloop
  endfacet
  facet normal 0.186166 -0.875839 -0.445251
    outer loop
      vertex 0.463525 -1.42658 18.5
      vertex 0.13066 -1.24315 18
      vertex 0.386271 -1.18882 18
    endloop
  endfacet
  facet normal 0.364193 -0.817994 -0.445251
    outer loop
      vertex 0.75 -1.29904 18.5
      vertex 0.386271 -1.18882 18
      vertex 0.625 -1.08253 18
    endloop
  endfacet
  facet normal 0.364193 -0.817995 -0.445251
    outer loop
      vertex 0.463525 -1.42658 18.5
      vertex 0.386271 -1.18882 18
      vertex 0.75 -1.29904 18.5
    endloop
  endfacet
  facet normal -0.851582 -0.276696 -0.445251
    outer loop
      vertex -1.14193 -0.50842 18
      vertex -1.46722 -0.311867 18.5
      vertex -1.22268 -0.25989 18
    endloop
  endfacet
  facet normal -0.775445 -0.447703 -0.44525
    outer loop
      vertex -1.21352 -0.881678 18.5
      vertex -1.37032 -0.610105 18.5
      vertex -1.14193 -0.50842 18
    endloop
  endfacet
  facet normal -0.665416 -0.599144 -0.445251
    outer loop
      vertex -1.0037 -1.11472 18.5
      vertex -1.21352 -0.881678 18.5
      vertex -0.836412 -0.92893 18
    endloop
  endfacet
  facet normal -0.665416 -0.599143 -0.445251
    outer loop
      vertex -0.836412 -0.92893 18
      vertex -1.21352 -0.881678 18.5
      vertex -1.01127 -0.734731 18
    endloop
  endfacet
  facet normal -0.364193 -0.817994 -0.445251
    outer loop
      vertex -0.386271 -1.18882 18
      vertex -0.75 -1.29904 18.5
      vertex -0.625 -1.08253 18
    endloop
  endfacet
  facet normal -0.665416 0.599143 -0.445251
    outer loop
      vertex -1.01127 0.734731 18
      vertex -1.21352 0.881678 18.5
      vertex -0.836412 0.92893 18
    endloop
  endfacet
  facet normal -0.364194 0.817994 -0.445251
    outer loop
      vertex -0.386271 1.18882 18
      vertex -0.749999 1.29904 18.5
      vertex -0.463525 1.42658 18.5
    endloop
  endfacet
  facet normal -0.186166 0.875839 -0.445251
    outer loop
      vertex -0.386271 1.18882 18
      vertex -0.463525 1.42658 18.5
      vertex -0.13066 1.24315 18
    endloop
  endfacet
  facet normal -0.775443 0.447704 -0.445251
    outer loop
      vertex -1.14193 0.50842 18
      vertex -1.21352 0.881678 18.5
      vertex -1.01127 0.734731 18
    endloop
  endfacet
  facet normal 0.364193 0.817994 -0.445251
    outer loop
      vertex 0.625 1.08253 18
      vertex 0.386271 1.18882 18
      vertex 0.75 1.29904 18.5
    endloop
  endfacet
  facet normal 0.526308 0.724398 -0.445251
    outer loop
      vertex 0.836412 0.92893 18
      vertex 0.625 1.08253 18
      vertex 0.75 1.29904 18.5
    endloop
  endfacet
  facet normal 0.851582 0.276697 -0.44525
    outer loop
      vertex 1.46722 0.311867 18.5
      vertex 1.14193 0.50842 18
      vertex 1.37032 0.610105 18.5
    endloop
  endfacet
  facet normal 0.851582 0.276696 -0.445251
    outer loop
      vertex 1.22268 0.25989 18
      vertex 1.14193 0.50842 18
      vertex 1.46722 0.311867 18.5
    endloop
  endfacet
  facet normal -0.526308 -0.724398 -0.445251
    outer loop
      vertex -0.75 -1.29904 18.5
      vertex -0.836412 -0.92893 18
      vertex -0.625 -1.08253 18
    endloop
  endfacet
  facet normal -0.851582 0.276696 -0.445251
    outer loop
      vertex -1.22268 0.25989 18
      vertex -1.46722 0.311867 18.5
      vertex -1.14193 0.50842 18
    endloop
  endfacet
  facet normal 0.186166 0.875839 -0.445251
    outer loop
      vertex 0.386271 1.18882 18
      vertex 0.13066 1.24315 18
      vertex 0.463525 1.42658 18.5
    endloop
  endfacet
  facet normal 0.364193 0.817995 -0.445251
    outer loop
      vertex 0.75 1.29904 18.5
      vertex 0.386271 1.18882 18
      vertex 0.463525 1.42658 18.5
    endloop
  endfacet
  facet normal 0.994522 0.104529 0
    outer loop
      vertex 1.5 0 18.8
      vertex 1.46722 0.311867 18.5
      vertex 1.46722 0.311867 18.8
    endloop
  endfacet
  facet normal 0.994522 0.104529 0
    outer loop
      vertex 1.46722 0.311867 18.5
      vertex 1.5 0 18.8
      vertex 1.5 0 18.5
    endloop
  endfacet
  facet normal -0.994522 0.104529 0
    outer loop
      vertex -1.5 0 18.5
      vertex -1.46722 0.311867 18.8
      vertex -1.46722 0.311867 18.5
    endloop
  endfacet
  facet normal -0.994522 0.104529 0
    outer loop
      vertex -1.46722 0.311867 18.8
      vertex -1.5 0 18.5
      vertex -1.5 0 18.8
    endloop
  endfacet
  facet normal 0 1 -0
    outer loop
      vertex 0.156793 1.49178 18.5
      vertex -0.156793 1.49178 18.8
      vertex 0.156793 1.49178 18.8
    endloop
  endfacet
  facet normal 0 1 0
    outer loop
      vertex -0.156793 1.49178 18.8
      vertex 0.156793 1.49178 18.5
      vertex -0.156793 1.49178 18.5
    endloop
  endfacet
  facet normal 0 -1 0
    outer loop
      vertex -0.156793 -1.49178 18.5
      vertex 0.156793 -1.49178 18.8
      vertex -0.156793 -1.49178 18.8
    endloop
  endfacet
  facet normal 0 -1 -0
    outer loop
      vertex 0.156793 -1.49178 18.8
      vertex -0.156793 -1.49178 18.5
      vertex 0.156793 -1.49178 18.5
    endloop
  endfacet
  facet normal 0.587787 0.809016 -0
    outer loop
      vertex 1.0037 1.11472 18.5
      vertex 0.75 1.29904 18.8
      vertex 1.0037 1.11472 18.8
    endloop
  endfacet
  facet normal 0.587787 0.809016 0
    outer loop
      vertex 0.75 1.29904 18.8
      vertex 1.0037 1.11472 18.5
      vertex 0.75 1.29904 18.5
    endloop
  endfacet
  facet normal -0.743145 0.669131 0
    outer loop
      vertex -1.21352 0.881678 18.5
      vertex -1.0037 1.11472 18.8
      vertex -1.0037 1.11472 18.5
    endloop
  endfacet
  facet normal -0.743145 0.669131 0
    outer loop
      vertex -1.0037 1.11472 18.8
      vertex -1.21352 0.881678 18.5
      vertex -1.21352 0.881678 18.8
    endloop
  endfacet
  facet normal 0 0 1
    outer loop
      vertex 1.46722 0.311867 18.8
      vertex 1.46722 -0.311867 18.8
      vertex 1.5 0 18.8
    endloop
  endfacet
  facet normal 0 0 1
    outer loop
      vertex 1.37032 0.610105 18.8
      vertex 1.46722 -0.311867 18.8
      vertex 1.46722 0.311867 18.8
    endloop
  endfacet
  facet normal 0 0 1
    outer loop
      vertex 1.37032 0.610105 18.8
      vertex 1.37032 -0.610105 18.8
      vertex 1.46722 -0.311867 18.8
    endloop
  endfacet
  facet normal 0 0 1
    outer loop
      vertex 1.21352 0.881678 18.8
      vertex 1.37032 -0.610105 18.8
      vertex 1.37032 0.610105 18.8
    endloop
  endfacet
  facet normal 0 0 1
    outer loop
      vertex 1.21352 0.881678 18.8
      vertex 1.21352 -0.881678 18.8
      vertex 1.37032 -0.610105 18.8
    endloop
  endfacet
  facet normal 0 0 1
    outer loop
      vertex 1.0037 1.11472 18.8
      vertex 1.21352 -0.881678 18.8
      vertex 1.21352 0.881678 18.8
    endloop
  endfacet
  facet normal 0 0 1
    outer loop
      vertex 1.0037 1.11472 18.8
      vertex 1.0037 -1.11472 18.8
      vertex 1.21352 -0.881678 18.8
    endloop
  endfacet
  facet normal 0 0 1
    outer loop
      vertex 0.75 1.29904 18.8
      vertex 1.0037 -1.11472 18.8
      vertex 1.0037 1.11472 18.8
    endloop
  endfacet
  facet normal 0 0 1
    outer loop
      vertex 0.75 1.29904 18.8
      vertex 0.75 -1.29904 18.8
      vertex 1.0037 -1.11472 18.8
    endloop
  endfacet
  facet normal 0 0 1
    outer loop
      vertex 0.463525 1.42658 18.8
      vertex 0.75 -1.29904 18.8
      vertex 0.75 1.29904 18.8
    endloop
  endfacet
  facet normal 0 0 1
    outer loop
      vertex 0.463525 1.42658 18.8
      vertex 0.463525 -1.42658 18.8
      vertex 0.75 -1.29904 18.8
    endloop
  endfacet
  facet normal 0 0 1
    outer loop
      vertex 0.156793 1.49178 18.8
      vertex 0.463525 -1.42658 18.8
      vertex 0.463525 1.42658 18.8
    endloop
  endfacet
  facet normal 0 0 1
    outer loop
      vertex 0.156793 1.49178 18.8
      vertex 0.156793 -1.49178 18.8
      vertex 0.463525 -1.42658 18.8
    endloop
  endfacet
  facet normal -0 0 1
    outer loop
      vertex -0.156793 1.49178 18.8
      vertex 0.156793 -1.49178 18.8
      vertex 0.156793 1.49178 18.8
    endloop
  endfacet
  facet normal 0 0 1
    outer loop
      vertex -0.156793 1.49178 18.8
      vertex -0.156793 -1.49178 18.8
      vertex 0.156793 -1.49178 18.8
    endloop
  endfacet
  facet normal -0 0 1
    outer loop
      vertex -0.463525 1.42658 18.8
      vertex -0.156793 -1.49178 18.8
      vertex -0.156793 1.49178 18.8
    endloop
  endfacet
  facet normal 0 0 1
    outer loop
      vertex -0.463525 1.42658 18.8
      vertex -0.463525 -1.42658 18.8
      vertex -0.156793 -1.49178 18.8
    endloop
  endfacet
  facet normal -0 0 1
    outer loop
      vertex -0.749999 1.29904 18.8
      vertex -0.463525 -1.42658 18.8
      vertex -0.463525 1.42658 18.8
    endloop
  endfacet
  facet normal 0 0 1
    outer loop
      vertex -0.749999 1.29904 18.8
      vertex -0.75 -1.29904 18.8
      vertex -0.463525 -1.42658 18.8
    endloop
  endfacet
  facet normal -0 0 1
    outer loop
      vertex -1.0037 1.11472 18.8
      vertex -0.75 -1.29904 18.8
      vertex -0.749999 1.29904 18.8
    endloop
  endfacet
  facet normal 0 0 1
    outer loop
      vertex -1.0037 1.11472 18.8
      vertex -1.0037 -1.11472 18.8
      vertex -0.75 -1.29904 18.8
    endloop
  endfacet
  facet normal -0 0 1
    outer loop
      vertex -1.21352 0.881678 18.8
      vertex -1.0037 -1.11472 18.8
      vertex -1.0037 1.11472 18.8
    endloop
  endfacet
  facet normal 0 0 1
    outer loop
      vertex -1.21352 0.881678 18.8
      vertex -1.21352 -0.881678 18.8
      vertex -1.0037 -1.11472 18.8
    endloop
  endfacet
  facet normal -0 0 1
    outer loop
      vertex -1.37032 0.610105 18.8
      vertex -1.21352 -0.881678 18.8
      vertex -1.21352 0.881678 18.8
    endloop
  endfacet
  facet normal 0 0 1
    outer loop
      vertex -1.37032 0.610105 18.8
      vertex -1.37032 -0.610105 18.8
      vertex -1.21352 -0.881678 18.8
    endloop
  endfacet
  facet normal -0 0 1
    outer loop
      vertex -1.46722 0.311867 18.8
      vertex -1.37032 -0.610105 18.8
      vertex -1.37032 0.610105 18.8
    endloop
  endfacet
  facet normal 0 0 1
    outer loop
      vertex -1.46722 0.311867 18.8
      vertex -1.46722 -0.311867 18.8
      vertex -1.37032 -0.610105 18.8
    endloop
  endfacet
  facet normal 0 -0 1
    outer loop
      vertex -1.46722 -0.311867 18.8
      vertex -1.46722 0.311867 18.8
      vertex -1.5 0 18.8
    endloop
  endfacet
  facet normal -0.406736 0.913546 0
    outer loop
      vertex -0.463525 1.42658 18.5
      vertex -0.749999 1.29904 18.8
      vertex -0.463525 1.42658 18.8
    endloop
  endfacet
  facet normal -0.406736 0.913546 0
    outer loop
      vertex -0.749999 1.29904 18.8
      vertex -0.463525 1.42658 18.5
      vertex -0.749999 1.29904 18.5
    endloop
  endfacet
  facet normal 0.866026 0.5 0
    outer loop
      vertex 1.37032 0.610105 18.8
      vertex 1.21352 0.881678 18.5
      vertex 1.21352 0.881678 18.8
    endloop
  endfacet
  facet normal 0.866026 0.5 0
    outer loop
      vertex 1.21352 0.881678 18.5
      vertex 1.37032 0.610105 18.8
      vertex 1.37032 0.610105 18.5
    endloop
  endfacet
  facet normal 0.951056 0.309018 0
    outer loop
      vertex 1.46722 0.311867 18.8
      vertex 1.37032 0.610105 18.5
      vertex 1.37032 0.610105 18.8
    endloop
  endfacet
  facet normal 0.951056 0.309018 0
    outer loop
      vertex 1.37032 0.610105 18.5
      vertex 1.46722 0.311867 18.8
      vertex 1.46722 0.311867 18.5
    endloop
  endfacet
  facet normal 0.743145 0.669131 0
    outer loop
      vertex 1.21352 0.881678 18.8
      vertex 1.0037 1.11472 18.5
      vertex 1.0037 1.11472 18.8
    endloop
  endfacet
  facet normal 0.743145 0.669131 0
    outer loop
      vertex 1.0037 1.11472 18.5
      vertex 1.21352 0.881678 18.8
      vertex 1.21352 0.881678 18.5
    endloop
  endfacet
  facet normal 0.207912 0.978148 -0
    outer loop
      vertex 0.463525 1.42658 18.5
      vertex 0.156793 1.49178 18.8
      vertex 0.463525 1.42658 18.8
    endloop
  endfacet
  facet normal 0.207912 0.978148 0
    outer loop
      vertex 0.156793 1.49178 18.8
      vertex 0.463525 1.42658 18.5
      vertex 0.156793 1.49178 18.5
    endloop
  endfacet
  facet normal 0.406735 0.913546 -0
    outer loop
      vertex 0.75 1.29904 18.5
      vertex 0.463525 1.42658 18.8
      vertex 0.75 1.29904 18.8
    endloop
  endfacet
  facet normal 0.406735 0.913546 0
    outer loop
      vertex 0.463525 1.42658 18.8
      vertex 0.75 1.29904 18.5
      vertex 0.463525 1.42658 18.5
    endloop
  endfacet
  facet normal -0.866026 0.5 0
    outer loop
      vertex -1.37032 0.610105 18.5
      vertex -1.21352 0.881678 18.8
      vertex -1.21352 0.881678 18.5
    endloop
  endfacet
  facet normal -0.866026 0.5 0
    outer loop
      vertex -1.21352 0.881678 18.8
      vertex -1.37032 0.610105 18.5
      vertex -1.37032 0.610105 18.8
    endloop
  endfacet
  facet normal -0.951056 0.309018 0
    outer loop
      vertex -1.46722 0.311867 18.5
      vertex -1.37032 0.610105 18.8
      vertex -1.37032 0.610105 18.5
    endloop
  endfacet
  facet normal -0.951056 0.309018 0
    outer loop
      vertex -1.37032 0.610105 18.8
      vertex -1.46722 0.311867 18.5
      vertex -1.46722 0.311867 18.8
    endloop
  endfacet
  facet normal -0.587786 0.809017 0
    outer loop
      vertex -0.749999 1.29904 18.5
      vertex -1.0037 1.11472 18.8
      vertex -0.749999 1.29904 18.8
    endloop
  endfacet
  facet normal -0.587786 0.809017 0
    outer loop
      vertex -1.0037 1.11472 18.8
      vertex -0.749999 1.29904 18.5
      vertex -1.0037 1.11472 18.5
    endloop
  endfacet
  facet normal -0.207912 0.978148 0
    outer loop
      vertex -0.156793 1.49178 18.5
      vertex -0.463525 1.42658 18.8
      vertex -0.156793 1.49178 18.8
    endloop
  endfacet
  facet normal -0.207912 0.978148 0
    outer loop
      vertex -0.463525 1.42658 18.8
      vertex -0.156793 1.49178 18.5
      vertex -0.463525 1.42658 18.5
    endloop
  endfacet
  facet normal 0.994522 -0.104529 0
    outer loop
      vertex 1.46722 -0.311867 18.8
      vertex 1.5 0 18.5
      vertex 1.5 0 18.8
    endloop
  endfacet
  facet normal 0.994522 -0.104529 0
    outer loop
      vertex 1.5 0 18.5
      vertex 1.46722 -0.311867 18.8
      vertex 1.46722 -0.311867 18.5
    endloop
  endfacet
  facet normal -0.994522 -0.104529 0
    outer loop
      vertex -1.46722 -0.311867 18.5
      vertex -1.5 0 18.8
      vertex -1.5 0 18.5
    endloop
  endfacet
  facet normal -0.994522 -0.104529 0
    outer loop
      vertex -1.5 0 18.8
      vertex -1.46722 -0.311867 18.5
      vertex -1.46722 -0.311867 18.8
    endloop
  endfacet
  facet normal 0.743145 -0.669131 0
    outer loop
      vertex 1.0037 -1.11472 18.8
      vertex 1.21352 -0.881678 18.5
      vertex 1.21352 -0.881678 18.8
    endloop
  endfacet
  facet normal 0.743145 -0.669131 0
    outer loop
      vertex 1.21352 -0.881678 18.5
      vertex 1.0037 -1.11472 18.8
      vertex 1.0037 -1.11472 18.5
    endloop
  endfacet
  facet normal 0.951056 -0.309018 0
    outer loop
      vertex 1.37032 -0.610105 18.8
      vertex 1.46722 -0.311867 18.5
      vertex 1.46722 -0.311867 18.8
    endloop
  endfacet
  facet normal 0.951056 -0.309018 0
    outer loop
      vertex 1.46722 -0.311867 18.5
      vertex 1.37032 -0.610105 18.8
      vertex 1.37032 -0.610105 18.5
    endloop
  endfacet
  facet normal 0.866026 -0.5 0
    outer loop
      vertex 1.21352 -0.881678 18.8
      vertex 1.37032 -0.610105 18.5
      vertex 1.37032 -0.610105 18.8
    endloop
  endfacet
  facet normal 0.866026 -0.5 0
    outer loop
      vertex 1.37032 -0.610105 18.5
      vertex 1.21352 -0.881678 18.8
      vertex 1.21352 -0.881678 18.5
    endloop
  endfacet
  facet normal -0.866026 -0.5 0
    outer loop
      vertex -1.21352 -0.881678 18.5
      vertex -1.37032 -0.610105 18.8
      vertex -1.37032 -0.610105 18.5
    endloop
  endfacet
  facet normal -0.866026 -0.5 0
    outer loop
      vertex -1.37032 -0.610105 18.8
      vertex -1.21352 -0.881678 18.5
      vertex -1.21352 -0.881678 18.8
    endloop
  endfacet
  facet normal 0.207912 -0.978148 0
    outer loop
      vertex 0.156793 -1.49178 18.5
      vertex 0.463525 -1.42658 18.8
      vertex 0.156793 -1.49178 18.8
    endloop
  endfacet
  facet normal 0.207912 -0.978148 0
    outer loop
      vertex 0.463525 -1.42658 18.8
      vertex 0.156793 -1.49178 18.5
      vertex 0.463525 -1.42658 18.5
    endloop
  endfacet
  facet normal 0.587787 -0.809016 0
    outer loop
      vertex 0.75 -1.29904 18.5
      vertex 1.0037 -1.11472 18.8
      vertex 0.75 -1.29904 18.8
    endloop
  endfacet
  facet normal 0.587787 -0.809016 0
    outer loop
      vertex 1.0037 -1.11472 18.8
      vertex 0.75 -1.29904 18.5
      vertex 1.0037 -1.11472 18.5
    endloop
  endfacet
  facet normal -0.406735 -0.913546 0
    outer loop
      vertex -0.75 -1.29904 18.5
      vertex -0.463525 -1.42658 18.8
      vertex -0.75 -1.29904 18.8
    endloop
  endfacet
  facet normal -0.406735 -0.913546 -0
    outer loop
      vertex -0.463525 -1.42658 18.8
      vertex -0.75 -1.29904 18.5
      vertex -0.463525 -1.42658 18.5
    endloop
  endfacet
  facet normal -0.743145 -0.669131 0
    outer loop
      vertex -1.0037 -1.11472 18.5
      vertex -1.21352 -0.881678 18.8
      vertex -1.21352 -0.881678 18.5
    endloop
  endfacet
  facet normal -0.743145 -0.669131 0
    outer loop
      vertex -1.21352 -0.881678 18.8
      vertex -1.0037 -1.11472 18.5
      vertex -1.0037 -1.11472 18.8
    endloop
  endfacet
  facet normal -0.951056 -0.309018 0
    outer loop
      vertex -1.37032 -0.610105 18.5
      vertex -1.46722 -0.311867 18.8
      vertex -1.46722 -0.311867 18.5
    endloop
  endfacet
  facet normal -0.951056 -0.309018 0
    outer loop
      vertex -1.46722 -0.311867 18.8
      vertex -1.37032 -0.610105 18.5
      vertex -1.37032 -0.610105 18.8
    endloop
  endfacet
  facet normal 0.406735 -0.913546 0
    outer loop
      vertex 0.463525 -1.42658 18.5
      vertex 0.75 -1.29904 18.8
      vertex 0.463525 -1.42658 18.8
    endloop
  endfacet
  facet normal 0.406735 -0.913546 0
    outer loop
      vertex 0.75 -1.29904 18.8
      vertex 0.463525 -1.42658 18.5
      vertex 0.75 -1.29904 18.5
    endloop
  endfacet
  facet normal -0.587787 -0.809016 0
    outer loop
      vertex -1.0037 -1.11472 18.5
      vertex -0.75 -1.29904 18.8
      vertex -1.0037 -1.11472 18.8
    endloop
  endfacet
  facet normal -0.587787 -0.809016 -0
    outer loop
      vertex -0.75 -1.29904 18.8
      vertex -1.0037 -1.11472 18.5
      vertex -0.75 -1.29904 18.5
    endloop
  endfacet
  facet normal -0.207912 -0.978148 0
    outer loop
      vertex -0.463525 -1.42658 18.5
      vertex -0.156793 -1.49178 18.8
      vertex -0.463525 -1.42658 18.8
    endloop
  endfacet
  facet normal -0.207912 -0.978148 -0
    outer loop
      vertex -0.156793 -1.49178 18.8
      vertex -0.463525 -1.42658 18.5
      vertex -0.156793 -1.49178 18.5
    endloop
  endfacet
endsolid OpenSCAD_Model
